Strain	Accession	Date	Region	Country	Division	Authors	Journal	Title	Url	Clock Length	Num Date	Raw Date
THA/PLCal_ZV/2013	KF993678	2013-02-19	Southeast Asia	Thailand	unknown	Fonseca Et Al	unknown	unknown	https://www.ncbi.nlm.nih.gov/nuccore/KF993678	0.00	2013.14	2013-02-19
SI_BKK01	KY272987	2016-08-31	Southeast Asia	Thailand	unknown	Leelahakorn Et Al	unknown	unknown	https://www.ncbi.nlm.nih.gov/nuccore/KY272987	0.00	2016.67	2016-08-30
SV0010/15	KX051562	2015-01-16	Southeast Asia	Thailand	unknown	Melendez Et Al	unknown	unknown	https://www.ncbi.nlm.nih.gov/nuccore/KX051562	0.00	2015.04	2015-01-16
DMSc05684_16	MH119185	2016-12-02	Southeast Asia	Thailand	unknown	Chanama Et Al	unknown	unknown	https://www.ncbi.nlm.nih.gov/nuccore/MH119185	0.00	2016.92	2016-12-01
SK403/13AS	KX051561	2013-09-21	Southeast Asia	Thailand	unknown	Melendez Et Al	unknown	unknown	https://www.ncbi.nlm.nih.gov/nuccore/KX051561	0.00	2013.72	2013-09-21
SK364/13AS	KX051560	2013-07-09	Southeast Asia	Thailand	unknown	Melendez Et Al	unknown	unknown	https://www.ncbi.nlm.nih.gov/nuccore/KX051560	0.00	2013.52	2013-07-09
THA/2014/SV0127_14	KU681081	2014-07-20	Southeast Asia	Thailand	unknown	Ellison Et Al	unknown	unknown	https://www.ncbi.nlm.nih.gov/nuccore/KU681081	0.00	2014.55	2014-07-19
SG_021	KY241691	2016-09-13	Southeast Asia	Singapore	unknown	Ho Et Al	unknown	unknown	https://www.ncbi.nlm.nih.gov/nuccore/KY241691	0.00	2016.70	2016-09-13
SI_BKK06	MG807647	2017-09-07	Southeast Asia	Thailand	unknown	Wongsurawat Et Al	unknown	unknown	https://www.ncbi.nlm.nih.gov/nuccore/MG807647	0.00	2017.68	2017-09-07
BKK07	MH013290	2017-10-02	Southeast Asia	Thailand	unknown	Wongsurawat Et Al	unknown	unknown	https://www.ncbi.nlm.nih.gov/nuccore/MH013290	0.00	2017.75	2017-10-01
Thailand/1610acTw	MF692778	2016-10-31	Southeast Asia	Thailand	unknown	Lin Et Al	unknown	unknown	https://www.ncbi.nlm.nih.gov/nuccore/MF692778	0.00	2016.84	2016-10-XX
Thai/KngSG/17_D501	LC369584	2017-09-14	Southeast Asia	Thailand	unknown	Kato Et Al	unknown	unknown	https://www.ncbi.nlm.nih.gov/nuccore/LC369584	0.00	2017.70	2017-XX-XX
BKK03	MG548660	2016-11-30	Southeast Asia	Thailand	unknown	Wongsurawat Et Al	unknown	unknown	https://www.ncbi.nlm.nih.gov/nuccore/MG548660	0.00	2016.92	2016-11-30
SI_BKK02	MF996804	2017-08-08	Southeast Asia	Thailand	unknown	Wongsurawat Et Al	unknown	unknown	https://www.ncbi.nlm.nih.gov/nuccore/MF996804	0.00	2017.60	2017-08-07
BKK04	MG548661	2016-11-30	Southeast Asia	Thailand	unknown	Wongsurawat Et Al	unknown	unknown	https://www.ncbi.nlm.nih.gov/nuccore/MG548661	0.00	2016.92	2016-11-30
SI_BKK05	MG807646	2016-11-11	Southeast Asia	Thailand	unknown	Wongsurawat Et Al	unknown	unknown	https://www.ncbi.nlm.nih.gov/nuccore/MG807646	0.00	2016.87	2016-11-11
SG_018	KY241688	2016-09-13	Southeast Asia	Singapore	unknown	Ho Et Al	unknown	unknown	https://www.ncbi.nlm.nih.gov/nuccore/KY241688	0.00	2016.70	2016-09-13
SG_010	KY241680	2016-09-08	Southeast Asia	Singapore	unknown	Ho Et Al	unknown	unknown	https://www.ncbi.nlm.nih.gov/nuccore/KY241680	0.00	2016.69	2016-09-07
SG_008	KY241678	2016-09-08	Southeast Asia	Singapore	unknown	Ho Et Al	unknown	unknown	https://www.ncbi.nlm.nih.gov/nuccore/KY241678	0.00	2016.69	2016-09-07
SG_005	KY241675	2016-09-06	Southeast Asia	Singapore	unknown	Ho Et Al	unknown	unknown	https://www.ncbi.nlm.nih.gov/nuccore/KY241675	0.00	2016.68	2016-09-06
SG_006	KY241676	2016-09-06	Southeast Asia	Singapore	unknown	Ho Et Al	unknown	unknown	https://www.ncbi.nlm.nih.gov/nuccore/KY241676	0.00	2016.68	2016-09-06
SG_059	KY241729	2016-08-29	Southeast Asia	Singapore	unknown	Ho Et Al	unknown	unknown	https://www.ncbi.nlm.nih.gov/nuccore/KY241729	0.00	2016.66	2016-08-29
SG_107	KY241777	2016-09-06	Southeast Asia	Singapore	unknown	Ho Et Al	unknown	unknown	https://www.ncbi.nlm.nih.gov/nuccore/KY241777	0.00	2016.68	2016-09-06
SG_036	KY241706	2016-08-29	Southeast Asia	Singapore	unknown	Ho Et Al	unknown	unknown	https://www.ncbi.nlm.nih.gov/nuccore/KY241706	0.00	2016.66	2016-08-28
SG_113	KY241783	2016-09-08	Southeast Asia	Singapore	unknown	Ho Et Al	unknown	unknown	https://www.ncbi.nlm.nih.gov/nuccore/KY241783	0.00	2016.69	2016-09-07
SG_028	KY241698	2016-08-26	Southeast Asia	Singapore	unknown	Ho Et Al	unknown	unknown	https://www.ncbi.nlm.nih.gov/nuccore/KY241698	0.00	2016.65	2016-08-26
SG_109	KY241779	2016-09-06	Southeast Asia	Singapore	unknown	Ho Et Al	unknown	unknown	https://www.ncbi.nlm.nih.gov/nuccore/KY241779	0.00	2016.68	2016-09-06
SG_117	KY241787	2016-09-08	Southeast Asia	Singapore	unknown	Ho Et Al	unknown	unknown	https://www.ncbi.nlm.nih.gov/nuccore/KY241787	0.00	2016.69	2016-09-07
SG_003	KY241673	2016-09-05	Southeast Asia	Singapore	unknown	Ho Et Al	unknown	unknown	https://www.ncbi.nlm.nih.gov/nuccore/KY241673	0.00	2016.68	2016-09-04
SG_096	KY241766	2016-09-16	Southeast Asia	Singapore	unknown	Ho Et Al	unknown	unknown	https://www.ncbi.nlm.nih.gov/nuccore/KY241766	0.00	2016.71	2016-09-15
SG_063	KY241733	2016-08-29	Southeast Asia	Singapore	unknown	Ho Et Al	unknown	unknown	https://www.ncbi.nlm.nih.gov/nuccore/KY241733	0.00	2016.66	2016-08-28
SG_056	KY241726	2016-08-29	Southeast Asia	Singapore	unknown	Ho Et Al	unknown	unknown	https://www.ncbi.nlm.nih.gov/nuccore/KY241726	0.00	2016.66	2016-08-28
SG_012	KY241682	2016-09-09	Southeast Asia	Singapore	unknown	Ho Et Al	unknown	unknown	https://www.ncbi.nlm.nih.gov/nuccore/KY241682	0.00	2016.69	2016-09-08
SG_110	KY241780	2016-09-06	Southeast Asia	Singapore	unknown	Ho Et Al	unknown	unknown	https://www.ncbi.nlm.nih.gov/nuccore/KY241780	0.00	2016.68	2016-09-06
SG_020	KY241690	2016-09-13	Southeast Asia	Singapore	unknown	Ho Et Al	unknown	unknown	https://www.ncbi.nlm.nih.gov/nuccore/KY241690	0.00	2016.70	2016-09-13
SG_023	KY241693	2016-09-16	Southeast Asia	Singapore	unknown	Ho Et Al	unknown	unknown	https://www.ncbi.nlm.nih.gov/nuccore/KY241693	0.00	2016.71	2016-09-15
SG_104	KY241774	2016-09-05	Southeast Asia	Singapore	unknown	Ho Et Al	unknown	unknown	https://www.ncbi.nlm.nih.gov/nuccore/KY241774	0.00	2016.68	2016-09-05
SG_055	KY241725	2016-08-26	Southeast Asia	Singapore	unknown	Ho Et Al	unknown	unknown	https://www.ncbi.nlm.nih.gov/nuccore/KY241725	0.00	2016.65	2016-08-26
SG_017	KY241687	2016-09-13	Southeast Asia	Singapore	unknown	Ho Et Al	unknown	unknown	https://www.ncbi.nlm.nih.gov/nuccore/KY241687	0.00	2016.70	2016-09-13
SG_100	KY241770	2016-08-31	Southeast Asia	Singapore	unknown	Ho Et Al	unknown	unknown	https://www.ncbi.nlm.nih.gov/nuccore/KY241770	0.00	2016.67	2016-08-30
SG_035	KY241705	2016-08-31	Southeast Asia	Singapore	unknown	Ho Et Al	unknown	unknown	https://www.ncbi.nlm.nih.gov/nuccore/KY241705	0.00	2016.67	2016-08-30
SG_004	KY241674	2016-09-05	Southeast Asia	Singapore	unknown	Ho Et Al	unknown	unknown	https://www.ncbi.nlm.nih.gov/nuccore/KY241674	0.00	2016.68	2016-09-05
SG_101	KY241771	2016-09-02	Southeast Asia	Singapore	unknown	Ho Et Al	unknown	unknown	https://www.ncbi.nlm.nih.gov/nuccore/KY241771	0.00	2016.67	2016-09-02
SG_054	KY241724	2016-08-29	Southeast Asia	Singapore	unknown	Ho Et Al	unknown	unknown	https://www.ncbi.nlm.nih.gov/nuccore/KY241724	0.00	2016.66	2016-08-28
SG_031	KY241701	2016-08-28	Southeast Asia	Singapore	unknown	Ho Et Al	unknown	unknown	https://www.ncbi.nlm.nih.gov/nuccore/KY241701	0.00	2016.66	2016-08-27
SG_032	KY241702	2016-08-28	Southeast Asia	Singapore	unknown	Ho Et Al	unknown	unknown	https://www.ncbi.nlm.nih.gov/nuccore/KY241702	0.00	2016.66	2016-08-27
SG_073	KY241743	2016-08-26	Southeast Asia	Singapore	unknown	Ho Et Al	unknown	unknown	https://www.ncbi.nlm.nih.gov/nuccore/KY241743	0.00	2016.65	2016-08-26
SG_041	KY241711	2016-08-29	Southeast Asia	Singapore	unknown	Ho Et Al	unknown	unknown	https://www.ncbi.nlm.nih.gov/nuccore/KY241711	0.00	2016.66	2016-08-29
SG_029	KY241699	2016-08-31	Southeast Asia	Singapore	unknown	Ho Et Al	unknown	unknown	https://www.ncbi.nlm.nih.gov/nuccore/KY241699	0.00	2016.67	2016-08-30
SG_072	KY241742	2016-08-29	Southeast Asia	Singapore	unknown	Ho Et Al	unknown	unknown	https://www.ncbi.nlm.nih.gov/nuccore/KY241742	0.00	2016.66	2016-08-28
SG_069	KY241739	2016-08-29	Southeast Asia	Singapore	unknown	Ho Et Al	unknown	unknown	https://www.ncbi.nlm.nih.gov/nuccore/KY241739	0.00	2016.66	2016-08-28
SG_080	KY241750	2016-08-29	Southeast Asia	Singapore	unknown	Ho Et Al	unknown	unknown	https://www.ncbi.nlm.nih.gov/nuccore/KY241750	0.00	2016.66	2016-08-28
SG_045	KY241715	2016-08-29	Southeast Asia	Singapore	unknown	Ho Et Al	unknown	unknown	https://www.ncbi.nlm.nih.gov/nuccore/KY241715	0.00	2016.66	2016-08-28
SG_094	KY241764	2016-09-01	Southeast Asia	Singapore	unknown	Ho Et Al	unknown	unknown	https://www.ncbi.nlm.nih.gov/nuccore/KY241764	0.00	2016.67	2016-08-31
SG_098	KY241768	2016-09-01	Southeast Asia	Singapore	unknown	Ho Et Al	unknown	unknown	https://www.ncbi.nlm.nih.gov/nuccore/KY241768	0.00	2016.67	2016-08-31
NIID123/2016	LC219720	2016-11-22	Southeast Asia	Vietnam	unknown	Hashimoto Et Al	unknown	unknown	https://www.ncbi.nlm.nih.gov/nuccore/LC219720	0.00	2016.90	2016-11-22
1_0038_PF	KX447517	2014-01-31	Oceania	French Polynesia	unknown	Pettersson Et Al	unknown	unknown	https://www.ncbi.nlm.nih.gov/nuccore/KX447517	0.00	2014.08	2014-01-XX
1_0111_PF	KX447516	2014-01-01	Oceania	French Polynesia	unknown	Pettersson Et Al	unknown	unknown	https://www.ncbi.nlm.nih.gov/nuccore/KX447516	0.00	2014.00	2014-01-XX
TS17_2016	KX806557	2016-02-02	Oceania	Tonga	unknown	Pyke Et Al	unknown	unknown	https://www.ncbi.nlm.nih.gov/nuccore/KX806557	0.00	2016.09	2016-02-XX
Chiba/S36/2016	LC191864	2016-04-21	Oceania	Fiji	unknown	Taira Et Al	unknown	unknown	https://www.ncbi.nlm.nih.gov/nuccore/LC191864	0.00	2016.31	2016-04-21
ZJ02	KU761561	2016-02-02	Oceania	American Samoa	unknown	Tong Et Al	unknown	unknown	https://www.ncbi.nlm.nih.gov/nuccore/KU761561	0.00	2016.09	2016-02-XX
ZJ03	KU761560	2016-02-03	Oceania	American Samoa	unknown	Tong Et Al	unknown	unknown	https://www.ncbi.nlm.nih.gov/nuccore/KU761560	0.00	2016.09	2016-02-XX
Zhejiang04	KX117076	2016-02-18	Oceania	American Samoa	unknown	Zhang Et Al	unknown	unknown	https://www.ncbi.nlm.nih.gov/nuccore/KX117076	0.00	2016.13	2016-02-17
ZJ04	KX013000	2016-02-18	China	China	unknown	Tong Et Al	unknown	unknown	https://www.ncbi.nlm.nih.gov/nuccore/KX013000	0.00	2016.13	2016-02-17
SZ01/2016/China	KU866423	2016-03-03	Oceania	American Samoa	unknown	Deng Et Al	unknown	unknown	https://www.ncbi.nlm.nih.gov/nuccore/KU866423	0.00	2016.17	2016-XX-XX
ZJ01	KU997667	2016-02-17	China	China	unknown	Tong Et Al	unknown	unknown	https://www.ncbi.nlm.nih.gov/nuccore/KU997667	0.00	2016.13	2016-02-16
SZ_WIV01	KU963796	2016-02-22	Oceania	American Samoa	unknown	Deng Et Al	unknown	unknown	https://www.ncbi.nlm.nih.gov/nuccore/KU963796	0.00	2016.14	2016-XX-XX
CN/SZ02/2016	KX185891	2016-02-18	Oceania	American Samoa	unknown	Zhao Et Al	unknown	unknown	https://www.ncbi.nlm.nih.gov/nuccore/KX185891	0.00	2016.13	2016-02-17
GZDJ1685	MF099651	2016-09-01	China	China	unknown	Song Et Al	unknown	unknown	https://www.ncbi.nlm.nih.gov/nuccore/MF099651	0.00	2016.67	2016-08-XX
GZDJ1666_2	MF964216	2016-12-02	China	China	unknown	Song Et Al	unknown	unknown	https://www.ncbi.nlm.nih.gov/nuccore/MF964216	0.00	2016.92	2016-12-01
ZKC2P6	MG674719	2016-04-17	China	China	unknown	Guo Et Al	unknown	unknown	https://www.ncbi.nlm.nih.gov/nuccore/MG674719	0.00	2016.29	2016-04-16
ZKC2P4	MG674718	2016-04-17	China	China	unknown	Guo Et Al	unknown	unknown	https://www.ncbi.nlm.nih.gov/nuccore/MG674718	0.00	2016.29	2016-04-16
SMGC_1	KX266255	2016-02-14	Oceania	American Samoa	unknown	Bi Et Al	unknown	unknown	https://www.ncbi.nlm.nih.gov/nuccore/KX266255	0.00	2016.12	2016-02-14
_CCMU01/2016	MF036115	2016-11-03	China	China	unknown	Wu Et Al	unknown	unknown	https://www.ncbi.nlm.nih.gov/nuccore/MF036115	0.00	2016.84	2016-11-02
SY01_2016	KY967711	2016-11-02	China	China	unknown	Wu Et Al	unknown	unknown	https://www.ncbi.nlm.nih.gov/nuccore/KY967711	0.00	2016.84	2016-11-01
ZKC2/2016	KX253996	2016-02-17	Oceania	American Samoa	unknown	Wu Et Al	unknown	unknown	https://www.ncbi.nlm.nih.gov/nuccore/KX253996	0.00	2016.13	2016-02-16
Z16006	KU955589	2016-02-17	Oceania	American Samoa	unknown	Wu Et Al	unknown	unknown	https://www.ncbi.nlm.nih.gov/nuccore/KU955589	0.00	2016.13	2016-02-16
1_0030_PF	KX447515	2013-11-30	Oceania	French Polynesia	unknown	Pettersson Et Al	unknown	unknown	https://www.ncbi.nlm.nih.gov/nuccore/KX447515	0.00	2013.91	2013-11-XX
1_0035_PF	KX447514	2014-01-31	Oceania	French Polynesia	unknown	Pettersson Et Al	unknown	unknown	https://www.ncbi.nlm.nih.gov/nuccore/KX447514	0.00	2014.08	2014-01-XX
H/PF/2013	KJ776791	2013-11-29	Oceania	French Polynesia	unknown	Baronti Et Al	unknown	unknown	https://www.ncbi.nlm.nih.gov/nuccore/KJ776791	0.00	2013.91	2013-11-28
1_0080_PF	KX447521	2014-02-21	Oceania	French Polynesia	unknown	Pettersson Et Al	unknown	unknown	https://www.ncbi.nlm.nih.gov/nuccore/KX447521	0.00	2014.14	2014-02-XX
1_0087_PF	KX447509	2013-12-04	Oceania	French Polynesia	unknown	Pettersson Et Al	unknown	unknown	https://www.ncbi.nlm.nih.gov/nuccore/KX447509	0.00	2013.92	2013-12-XX
1_0015_PF	KX447511	2014-01-30	Oceania	French Polynesia	unknown	Pettersson Et Al	unknown	unknown	https://www.ncbi.nlm.nih.gov/nuccore/KX447511	0.00	2014.08	2014-01-XX
1_0016_PF	KX447520	2014-01-31	Oceania	French Polynesia	unknown	Pettersson Et Al	unknown	unknown	https://www.ncbi.nlm.nih.gov/nuccore/KX447520	0.00	2014.08	2014-01-XX
1_0199_PF	KX447519	2013-11-01	Oceania	French Polynesia	unknown	Pettersson Et Al	unknown	unknown	https://www.ncbi.nlm.nih.gov/nuccore/KX447519	0.00	2013.84	2013-11-XX
1_0134_PF	KX447513	2013-12-31	Oceania	French Polynesia	unknown	Pettersson Et Al	unknown	unknown	https://www.ncbi.nlm.nih.gov/nuccore/KX447513	0.00	2014.00	2013-12-XX
1_0181_PF	KX447512	2013-12-01	Oceania	French Polynesia	unknown	Pettersson Et Al	unknown	unknown	https://www.ncbi.nlm.nih.gov/nuccore/KX447512	0.00	2013.92	2013-12-XX
PF13/251013_18	KX369547	2013-10-25	Oceania	French Polynesia	unknown	Troesemeier Et Al	unknown	unknown	https://www.ncbi.nlm.nih.gov/nuccore/KX369547	0.00	2013.82	2013-10-25
1_0049_PF	KX447510	2013-12-31	Oceania	French Polynesia	unknown	Pettersson Et Al	unknown	unknown	https://www.ncbi.nlm.nih.gov/nuccore/KX447510	0.00	2014.00	2013-12-XX
1_0117_PF	KX447518	2013-12-06	Oceania	French Polynesia	unknown	Pettersson Et Al	unknown	unknown	https://www.ncbi.nlm.nih.gov/nuccore/KX447518	0.00	2013.93	2013-12-XX
Brazil/2015/ZBRD116	KY559003	2015-08-29	South America	Brazil	unknown	Faria Et Al	unknown	unknown	https://www.ncbi.nlm.nih.gov/nuccore/KY559003	0.00	2015.66	2015-08-28
USVI/36/2016	VI36	2016-09-13	North America	USVI	unknown	Black Et Al	unknown	unknown	https://github.com/blab/zika-usvi/	0.00	2016.70	2016-09-13
Brazil/2016/ZBRX14	KY559014	2016-04-25	South America	Brazil	unknown	Faria Et Al	unknown	unknown	https://www.ncbi.nlm.nih.gov/nuccore/KY559014	0.00	2016.31	2016-04-24
Brazil/2016/ZBRX6	KY559008	2016-04-20	South America	Brazil	unknown	Faria Et Al	unknown	unknown	https://www.ncbi.nlm.nih.gov/nuccore/KY559008	0.00	2016.30	2016-04-19
Brazil/2016/ZBRX100	KY559017	2016-05-20	South America	Brazil	unknown	Faria Et Al	unknown	unknown	https://www.ncbi.nlm.nih.gov/nuccore/KY559017	0.00	2016.38	2016-05-19
Brazil/2016/ZBRX12	KY559012	2016-04-20	South America	Brazil	unknown	Faria Et Al	unknown	unknown	https://www.ncbi.nlm.nih.gov/nuccore/KY559012	0.00	2016.30	2016-04-19
Brazil/2016/ZBRX7	KY559009	2016-04-20	South America	Brazil	unknown	Faria Et Al	unknown	unknown	https://www.ncbi.nlm.nih.gov/nuccore/KY559009	0.00	2016.30	2016-04-19
Brazil/2016/ZBRX13	KY559013	2016-04-25	South America	Brazil	unknown	Faria Et Al	unknown	unknown	https://www.ncbi.nlm.nih.gov/nuccore/KY559013	0.00	2016.31	2016-04-24
Brazil/2016/ZBRX103	KY559019	2016-05-24	South America	Brazil	unknown	Faria Et Al	unknown	unknown	https://www.ncbi.nlm.nih.gov/nuccore/KY559019	0.00	2016.40	2016-05-24
SG_118	KY241788	2016-05-13	Southeast Asia	Singapore	unknown	Ho Et Al	unknown	unknown	https://www.ncbi.nlm.nih.gov/nuccore/KY241788	0.00	2016.37	2016-05-13
BeH828305	KU729218	2015-05-17	South America	Brazil	unknown	Faria Et Al	unknown	unknown	https://www.ncbi.nlm.nih.gov/nuccore/KU729218	0.00	2015.37	2015-XX-XX
Bahia01	KX101066	2015-06-01	South America	Brazil	unknown	Naccache Et Al	unknown	unknown	https://www.ncbi.nlm.nih.gov/nuccore/KX101066	0.00	2015.41	2015-05-XX
Bahia02	KX101060	2015-06-01	South America	Brazil	unknown	Naccache Et Al	unknown	unknown	https://www.ncbi.nlm.nih.gov/nuccore/KX101060	0.00	2015.41	2015-05-XX
Bahia11	KX101064	2015-04-23	South America	Brazil	unknown	Naccache Et Al	unknown	unknown	https://www.ncbi.nlm.nih.gov/nuccore/KX101064	0.00	2015.31	2015-04-XX
Bahia08	KU940227	2015-07-16	South America	Brazil	unknown	Naccache Et Al	unknown	unknown	https://www.ncbi.nlm.nih.gov/nuccore/KU940227	0.00	2015.54	2015-07-15
Bahia03	KX101061	2015-06-01	South America	Brazil	unknown	Naccache Et Al	unknown	unknown	https://www.ncbi.nlm.nih.gov/nuccore/KX101061	0.00	2015.41	2015-05-XX
Bahia07	KU940228	2015-07-01	South America	Brazil	unknown	Naccache Et Al	unknown	unknown	https://www.ncbi.nlm.nih.gov/nuccore/KU940228	0.00	2015.50	2015-07-01
HS_2015_BA_01	KX520666	2015-09-01	South America	Brazil	unknown	Teixeira Et Al	unknown	unknown	https://www.ncbi.nlm.nih.gov/nuccore/KX520666	0.00	2015.67	2015-08-XX
Bahia09	KU940224	2015-08-01	South America	Brazil	unknown	Naccache Et Al	unknown	unknown	https://www.ncbi.nlm.nih.gov/nuccore/KU940224	0.00	2015.58	2015-08-01
Brazil/2016/ZBRX127	KY559021	2016-03-11	South America	Brazil	unknown	Faria Et Al	unknown	unknown	https://www.ncbi.nlm.nih.gov/nuccore/KY559021	0.00	2016.19	2016-03-10
GB_BR	KX830930	2016-03-01	South America	Brazil	unknown	Delatorre Et Al	unknown	unknown	https://www.ncbi.nlm.nih.gov/nuccore/KX830930	0.00	2016.17	2016-03-01
V9	KX197205	2015-12-01	South America	Brazil	unknown	Miranda Et Al	unknown	unknown	https://www.ncbi.nlm.nih.gov/nuccore/KX197205	0.00	2015.92	2015-12-01
BRA/2016/FC_5790	KY785446	2016-03-22	South America	Brazil	unknown	Metsky Et Al	unknown	unknown	https://www.ncbi.nlm.nih.gov/nuccore/KY785446	0.00	2016.22	2016-03-22
BRA/2016/ZKV19Auri_2016_05_05	MH882543	2016-05-06	South America	Brazil	unknown	?	unknown	unknown	?	0.00	2016.34	2016-05-05
BRA/2016/ZKV19uri_2016_04_30	MH882549	2016-05-01	South America	Brazil	unknown	?	unknown	unknown	?	0.00	2016.33	2016-04-30
BRA/2016/ZKV19Bsem_2016_05_12	MH882544	2016-05-13	South America	Brazil	unknown	?	unknown	unknown	?	0.00	2016.36	2016-05-12
BRA/2016/ZKV19Csem_2016_05_19	MH882545	2016-05-20	South America	Brazil	unknown	?	unknown	unknown	?	0.00	2016.38	2016-05-19
BRA/2016/ZKV19Dsem_2016_05_24	MH882546	2016-05-24	South America	Brazil	unknown	?	unknown	unknown	?	0.00	2016.40	2016-05-24
BRA/2016/ZKV19Fsem_2016_06_09	MH882548	2016-06-09	South America	Brazil	unknown	?	unknown	unknown	?	0.00	2016.44	2016-06-09
BRA/2016/ZKV19Esem_2016_06_02	MH882547	2016-06-03	South America	Brazil	unknown	?	unknown	unknown	?	0.00	2016.42	2016-06-02
Haiti/1/2016	KX051563	2016-02-06	North America	Haiti	unknown	Iovine Et Al	unknown	unknown	https://www.ncbi.nlm.nih.gov/nuccore/KX051563	0.00	2016.10	2016-02-05
Haiti/1225/2014	KU509998	2014-12-12	North America	Haiti	unknown	Lednicky Et Al	unknown	unknown	https://www.ncbi.nlm.nih.gov/nuccore/KU509998	0.00	2014.95	2014-12-12
Brazil/2016/ZBRC25	KY558993	2016-01-19	South America	Brazil	unknown	Faria Et Al	unknown	unknown	https://www.ncbi.nlm.nih.gov/nuccore/KY558993	0.00	2016.05	2016-01-18
ZBRC13	ZBRC13	2016-01-12	South America	Brazil	unknown	Zika In Brazil Real-time Analysis Consortium	unknown	unknown	https://github.com/zibraproject/zibraproject.github.io/tree/master/data/consensus	0.00	2016.03	2016-01-12
Brazil/2016/ZBRC14	KY558990	2016-01-16	South America	Brazil	unknown	Faria Et Al	unknown	unknown	https://www.ncbi.nlm.nih.gov/nuccore/KY558990	0.00	2016.04	2016-01-15
ZBRC15	ZBRC15	2016-01-16	South America	Brazil	unknown	Zika In Brazil Real-time Analysis Consortium	unknown	unknown	https://github.com/zibraproject/zibraproject.github.io/tree/master/data/consensus	0.00	2016.04	2016-01-15
SPH2015	KU321639	2015-03-20	South America	Brazil	unknown	Cunha Et Al	unknown	unknown	https://www.ncbi.nlm.nih.gov/nuccore/KU321639	0.00	2015.21	2015-03-XX
V17829	KR872956	2015-05-02	South America	Brazil	unknown	Nunes Et Al	unknown	unknown	https://www.ncbi.nlm.nih.gov/nuccore/KR872956	0.00	2015.33	2015-XX-XX
mosquito/Haiti/1919/2016	MF783073	2016-05-10	North America	Haiti	unknown	?	unknown	unknown	?	0.00	2016.36	2016-05-10
Brazil/PE243/2015	KX197192	2015-08-02	South America	Brazil	unknown	Donald Et Al	unknown	unknown	https://www.ncbi.nlm.nih.gov/nuccore/KX197192	0.00	2015.58	2015-XX-XX
PE243	MF352141	2015-05-14	South America	Brazil	unknown	Marques Et Al	unknown	unknown	https://www.ncbi.nlm.nih.gov/nuccore/MF352141	0.00	2015.36	2015-05-13
Brazil/2016/ZBRX102	KY559018	2016-02-25	South America	Brazil	unknown	Faria Et Al	unknown	unknown	https://www.ncbi.nlm.nih.gov/nuccore/KY559018	0.00	2016.15	2016-02-25
Brazil/2016/ZBRX130	KY559023	2016-03-22	South America	Brazil	unknown	Faria Et Al	unknown	unknown	https://www.ncbi.nlm.nih.gov/nuccore/KY559023	0.00	2016.22	2016-03-22
Brazil/2016/ZBRX137	KY559024	2016-03-04	South America	Brazil	unknown	Faria Et Al	unknown	unknown	https://www.ncbi.nlm.nih.gov/nuccore/KY559024	0.00	2016.17	2016-03-03
BRA/2016/FC_6696	KY014313	2016-04-06	South America	Brazil	unknown	Metsky Et Al	unknown	unknown	https://www.ncbi.nlm.nih.gov/nuccore/KY014313	0.00	2016.26	2016-04-05
BRA/2016/FC_DQ58D1	KY785427	2016-03-30	South America	Brazil	unknown	Metsky Et Al	unknown	unknown	https://www.ncbi.nlm.nih.gov/nuccore/KY785427	0.00	2016.25	2016-03-30
BRA/2016/FC_DQ107D1	KY014301	2016-04-14	South America	Brazil	unknown	Metsky Et Al	unknown	unknown	https://www.ncbi.nlm.nih.gov/nuccore/KY014301	0.00	2016.28	2016-04-13
BRA/2016/FC_DQ42D1	KY014320	2016-03-23	South America	Brazil	unknown	Metsky Et Al	unknown	unknown	https://www.ncbi.nlm.nih.gov/nuccore/KY014320	0.00	2016.23	2016-03-23
BRA/2016/FC_DQ131D1	KY014296	2016-04-18	South America	Brazil	unknown	Metsky Et Al	unknown	unknown	https://www.ncbi.nlm.nih.gov/nuccore/KY014296	0.00	2016.30	2016-04-18
BRA/2016/FC_DQ28D1	KY014317	2016-03-22	South America	Brazil	unknown	Metsky Et Al	unknown	unknown	https://www.ncbi.nlm.nih.gov/nuccore/KY014317	0.00	2016.22	2016-03-21
BRA/2016/FC_DQ47D1	KY014309	2016-03-29	South America	Brazil	unknown	Metsky Et Al	unknown	unknown	https://www.ncbi.nlm.nih.gov/nuccore/KY014309	0.00	2016.24	2016-03-28
Brazil/2016/ZBRY8	KY559031	2016-01-01	South America	Brazil	unknown	Faria Et Al	unknown	unknown	https://www.ncbi.nlm.nih.gov/nuccore/KY559031	0.00	2016.00	2016-01-XX
Brazil/2016/ZBRY10	KY559030	2016-01-01	South America	Brazil	unknown	Faria Et Al	unknown	unknown	https://www.ncbi.nlm.nih.gov/nuccore/KY559030	0.00	2016.00	2016-01-XX
Brazil_ZKV2015	KU497555	2015-11-30	South America	Brazil	unknown	Calvet Et Al	unknown	unknown	https://www.ncbi.nlm.nih.gov/nuccore/KU497555	0.00	2015.91	2015-11-30
BRA/2016/FC_DQ116D1	KY785429	2016-04-14	South America	Brazil	unknown	Metsky Et Al	unknown	unknown	https://www.ncbi.nlm.nih.gov/nuccore/KY785429	0.00	2016.29	2016-04-14
Brazil/2015/ZBRC303	KY558997	2015-05-14	South America	Brazil	unknown	Faria Et Al	unknown	unknown	https://www.ncbi.nlm.nih.gov/nuccore/KY558997	0.00	2015.37	2015-05-14
BRA/2016/FC_6703	KY785439	2016-04-09	South America	Brazil	unknown	Metsky Et Al	unknown	unknown	https://www.ncbi.nlm.nih.gov/nuccore/KY785439	0.00	2016.27	2016-04-08
BRA/2016/FC_DQ49D1	KY014307	2016-03-29	South America	Brazil	unknown	Metsky Et Al	unknown	unknown	https://www.ncbi.nlm.nih.gov/nuccore/KY014307	0.00	2016.24	2016-03-28
Brazil/2016/ZBRY6	KY559027	2016-02-17	South America	Brazil	unknown	Faria Et Al	unknown	unknown	https://www.ncbi.nlm.nih.gov/nuccore/KY559027	0.00	2016.13	2016-02-16
Brazil/2015/ZBRC301	KY558995	2015-05-14	South America	Brazil	unknown	Faria Et Al	unknown	unknown	https://www.ncbi.nlm.nih.gov/nuccore/KY558995	0.00	2015.36	2015-05-13
Brazil/2015/ZBRD103	KY559001	2015-08-21	South America	Brazil	unknown	Faria Et Al	unknown	unknown	https://www.ncbi.nlm.nih.gov/nuccore/KY559001	0.00	2015.64	2015-08-20
Brazil/2016/ZBRC18	KY558992	2016-01-07	South America	Brazil	unknown	Faria Et Al	unknown	unknown	https://www.ncbi.nlm.nih.gov/nuccore/KY558992	0.00	2016.02	2016-01-06
Brazil/2015/ZBRD107	KY559002	2015-09-10	South America	Brazil	unknown	Faria Et Al	unknown	unknown	https://www.ncbi.nlm.nih.gov/nuccore/KY559002	0.00	2015.69	2015-09-09
Brazil/2016/INMI1	KU991811	2016-03-07	South America	Brazil	unknown	Carletti Et Al	unknown	unknown	https://www.ncbi.nlm.nih.gov/nuccore/KU991811	0.00	2016.18	2016-03-06
Brazil/2016/ZBRX128	KY559022	2016-03-14	South America	Brazil	unknown	Faria Et Al	unknown	unknown	https://www.ncbi.nlm.nih.gov/nuccore/KY559022	0.00	2016.20	2016-03-13
Brazil/2016/ZBRC319	KY558999	2016-07-11	South America	Brazil	unknown	Faria Et Al	unknown	unknown	https://www.ncbi.nlm.nih.gov/nuccore/KY558999	0.00	2016.53	2016-07-10
Brazil/2016/ZBRX15	KY559015	2016-04-25	South America	Brazil	unknown	Faria Et Al	unknown	unknown	https://www.ncbi.nlm.nih.gov/nuccore/KY559015	0.00	2016.31	2016-04-24
Brazil/2016/ZBRC28	KY558994	2016-01-19	South America	Brazil	unknown	Faria Et Al	unknown	unknown	https://www.ncbi.nlm.nih.gov/nuccore/KY558994	0.00	2016.05	2016-01-18
Brazil/2015/ZBRC313	KY558998	2015-06-16	South America	Brazil	unknown	Faria Et Al	unknown	unknown	https://www.ncbi.nlm.nih.gov/nuccore/KY558998	0.00	2015.45	2015-06-15
BRA/2016/FC_DQ62D1	KY785480	2016-03-30	South America	Brazil	unknown	Metsky Et Al	unknown	unknown	https://www.ncbi.nlm.nih.gov/nuccore/KY785480	0.00	2016.25	2016-03-30
BRA/2016/FC_DQ62D2	KY785455	2016-04-06	South America	Brazil	unknown	Metsky Et Al	unknown	unknown	https://www.ncbi.nlm.nih.gov/nuccore/KY785455	0.00	2016.27	2016-04-06
Brazil/2015/ZBRC302	KY558996	2015-05-14	South America	Brazil	unknown	Faria Et Al	unknown	unknown	https://www.ncbi.nlm.nih.gov/nuccore/KY558996	0.00	2015.36	2015-05-13
COL/FCC00093/2015	KX548902	2015-10-08	South America	Colombia	unknown	Leguia Et Al	unknown	unknown	https://www.ncbi.nlm.nih.gov/nuccore/KX548902	0.00	2015.77	2015-10-07
COL/FH03/2016	MK049246	2016-03-10	South America	Colombia	unknown	?	unknown	unknown	?	0.00	2016.19	2016-03-09
Colombia/2016/ZC192Se	KY317937	2016-01-08	South America	Colombia	unknown	Quick Et Al	unknown	unknown	https://www.ncbi.nlm.nih.gov/nuccore/KY317937	0.00	2016.02	2016-01-07
FPI15263/PERU/Loreto/2016	KY693679	2016-07-12	South America	Peru	unknown	Leguia Et Al	unknown	unknown	https://www.ncbi.nlm.nih.gov/nuccore/KY693679	0.00	2016.53	2016-07-11
FPI15198/PERU/Loreto/2016	KY693678	2016-06-29	South America	Peru	unknown	Leguia Et Al	unknown	unknown	https://www.ncbi.nlm.nih.gov/nuccore/KY693678	0.00	2016.49	2016-06-28
Martinique/2016/FL001	KY785451	2016-03-22	North America	Martinique	unknown	Metsky Et Al	unknown	unknown	https://www.ncbi.nlm.nih.gov/nuccore/KY785451	0.00	2016.22	2016-03-22
Martinique/2016/FL001Sa	KY075932	2016-03-22	North America	Martinique	unknown	Grubaugh Et Al	unknown	unknown	https://www.ncbi.nlm.nih.gov/nuccore/KY075932	0.00	2016.22	2016-03-22
MRS_OPY_Martinique_PaRi_2015	KU647676	2015-12-01	North America	Martinique	unknown	Piorkowski Et Al	unknown	unknown	https://www.ncbi.nlm.nih.gov/nuccore/KU647676	0.00	2015.92	2015-12-XX
MEX/InDRE/2016	KU922923	2016-02-25	North America	Mexico	unknown	Diaz-Quinonez Et Al	unknown	unknown	https://www.ncbi.nlm.nih.gov/nuccore/KU922923	0.00	2016.15	2016-02-25
459148_Meta_Colombia_2016	MH544701	2016-01-18	South America	Colombia	unknown	?	unknown	unknown	?	0.00	2016.05	2016-01-17
COL/2016/SU_2724A	KY785469	2016-04-06	South America	Colombia	unknown	Metsky Et Al	unknown	unknown	https://www.ncbi.nlm.nih.gov/nuccore/KY785469	0.00	2016.26	2016-04-05
COL/FH02/2016	MK049245	2016-02-29	South America	Colombia	unknown	?	unknown	unknown	?	0.00	2016.16	2016-02-29
COL/2016/SU_1856A	KY785466	2016-04-28	South America	Colombia	unknown	Metsky Et Al	unknown	unknown	https://www.ncbi.nlm.nih.gov/nuccore/KY785466	0.00	2016.33	2016-04-28
COL/FLR/2015	KX087102	2015-12-07	South America	Colombia	unknown	Shabman Et Al	unknown	unknown	https://www.ncbi.nlm.nih.gov/nuccore/KX087102	0.00	2015.93	2015-12-XX
VEN/UF_1/2016	KX702400	2016-03-26	South America	Venezuela	unknown	Blohm Et Al	unknown	unknown	https://www.ncbi.nlm.nih.gov/nuccore/KX702400	0.00	2016.23	2016-03-25
COL/UF_1/2016	KX247646	2016-02-10	South America	Colombia	unknown	Lednicky Et Al	unknown	unknown	https://www.ncbi.nlm.nih.gov/nuccore/KX247646	0.00	2016.11	2016-02-09
FLA	KY989971	2015-12-03	South America	Colombia	unknown	Kneubehl Et Al	unknown	unknown	https://www.ncbi.nlm.nih.gov/nuccore/KY989971	0.00	2015.92	2015-12-XX
Panama/2015/259364	MK028859	2015-12-31	North America	Panama	unknown	?	unknown	unknown	?	0.00	2016.00	2015-XX-XX
PAN/CDC_259359_V1_V3/2015	KX156774	2015-12-19	North America	Panama	unknown	Shabman Et Al	unknown	unknown	https://www.ncbi.nlm.nih.gov/nuccore/KX156774	0.00	2015.96	2015-12-18
PAN/CDC_259364_V1_V2/2015	KX156776	2015-12-19	North America	Panama	unknown	Shabman Et Al	unknown	unknown	https://www.ncbi.nlm.nih.gov/nuccore/KX156776	0.00	2015.96	2015-12-18
PAN/CDC_259249_V1_V3/2015	KX156775	2015-12-12	North America	Panama	unknown	Shabman Et Al	unknown	unknown	https://www.ncbi.nlm.nih.gov/nuccore/KX156775	0.00	2015.94	2015-12-11
Panama/2015/259249	MK028858	2015-12-31	North America	Panama	unknown	?	unknown	unknown	?	0.00	2016.00	2015-XX-XX
Colombia/2016/ZC199Se	KY317938	2016-01-11	South America	Colombia	unknown	Quick Et Al	unknown	unknown	https://www.ncbi.nlm.nih.gov/nuccore/KY317938	0.00	2016.03	2016-01-10
Colombia/2016/ZC207Se	KY317940	2016-01-09	South America	Colombia	unknown	Quick Et Al	unknown	unknown	https://www.ncbi.nlm.nih.gov/nuccore/KY317940	0.00	2016.02	2016-01-09
COL/FH16/2016	MK049250	2016-06-23	South America	Colombia	unknown	?	unknown	unknown	?	0.00	2016.48	2016-06-22
COL/FH16/2015	COL16	2016-06-23	South America	Colombia	unknown	Black Et Al	unknown	unknown	https://github.com/blab/zika-seq/	0.00	2016.48	2016-06-22
COL/FH19/2016	MK049251	2016-08-31	South America	Colombia	unknown	?	unknown	unknown	?	0.00	2016.67	2016-08-30
COL/FH19/2015	COL19	2016-08-31	South America	Colombia	unknown	Black Et Al	unknown	unknown	https://github.com/blab/zika-seq/	0.00	2016.67	2016-08-30
Colombia/2016/ZC204Se	KY317939	2016-01-07	South America	Colombia	unknown	Quick Et Al	unknown	unknown	https://www.ncbi.nlm.nih.gov/nuccore/KY317939	0.00	2016.02	2016-01-06
Colombia/2016/ZC188Se	KY317936	2016-01-16	South America	Colombia	unknown	Quick Et Al	unknown	unknown	https://www.ncbi.nlm.nih.gov/nuccore/KY317936	0.00	2016.04	2016-01-16
PAN/BEI_259634_V4/2016	KX198135	2016-04-15	North America	Panama	unknown	Shabman Et Al	unknown	unknown	https://www.ncbi.nlm.nih.gov/nuccore/KX198135	0.00	2016.29	2016-XX-XX
Aedes_aegypti/COL/FH04/2016	MK049247	2016-01-30	South America	Colombia	unknown	?	unknown	unknown	?	0.00	2016.08	2016-01-29
DOM/2016/BB_0127	KY014303	2016-04-12	North America	Dominican Republic	unknown	Metsky Et Al	unknown	unknown	https://www.ncbi.nlm.nih.gov/nuccore/KY014303	0.00	2016.28	2016-04-11
Brazil/2015/ZBRC321	KY559000	2015-08-10	South America	Brazil	unknown	Faria Et Al	unknown	unknown	https://www.ncbi.nlm.nih.gov/nuccore/KY559000	0.00	2015.61	2015-08-09
Brazil_2015_MG	KX811222	2016-06-15	South America	Brazil	unknown	Green Et Al	unknown	unknown	https://www.ncbi.nlm.nih.gov/nuccore/KX811222	0.00	2016.45	2016-06-14
BR/Sinop/H366/2015	MH513599	2015-12-12	South America	Brazil	unknown	?	unknown	unknown	?	0.00	2015.94	2015-12-11
Paraiba_01	KX280026	2015-12-12	South America	Brazil	unknown	Tsetsarkin Et Al	unknown	unknown	https://www.ncbi.nlm.nih.gov/nuccore/KX280026	0.00	2015.94	2015-XX-XX
COL/FH09/2016	MK049249	2016-11-03	South America	Colombia	unknown	?	unknown	unknown	?	0.00	2016.84	2016-11-02
COL/FH07/2016	MK049252	2016-05-17	South America	Colombia	unknown	?	unknown	unknown	?	0.00	2016.38	2016-05-16
COL/FH05/2016	MK049248	2016-07-27	South America	Colombia	unknown	?	unknown	unknown	?	0.00	2016.57	2016-07-27
EcEs089_16	KX879604	2016-04-02	South America	Ecuador	unknown	Marquez Et Al	unknown	unknown	https://www.ncbi.nlm.nih.gov/nuccore/KX879604	0.00	2016.25	2016-04-XX
EcEs062_16	KX879603	2016-05-01	South America	Ecuador	unknown	Marquez Et Al	unknown	unknown	https://www.ncbi.nlm.nih.gov/nuccore/KX879603	0.00	2016.33	2016-04-XX
EC/Esmeraldas/121/2016	MF794971	2016-05-02	South America	Ecuador	unknown	Wise Et Al	unknown	unknown	https://www.ncbi.nlm.nih.gov/nuccore/MF794971	0.00	2016.33	2016-05-01
Rio_S1	KU926310	2016-01-30	South America	Brazil	unknown	Bonaldo Et Al	unknown	unknown	https://www.ncbi.nlm.nih.gov/nuccore/KU926310	0.00	2016.08	2016-01-29
Natal_RGN	KU527068	2015-12-31	South America	Brazil	unknown	Mlakar Et Al	unknown	unknown	https://www.ncbi.nlm.nih.gov/nuccore/KU527068	0.00	2016.00	2015-XX-XX
V15098	MF073359	2015-03-01	South America	Brazil	unknown	Strottmann Et Al	unknown	unknown	https://www.ncbi.nlm.nih.gov/nuccore/MF073359	0.00	2015.16	2015-03-01
V15261	MF073358	2015-06-02	South America	Brazil	unknown	Strottmann Et Al	unknown	unknown	https://www.ncbi.nlm.nih.gov/nuccore/MF073358	0.00	2015.42	2015-06-01
Brazil/16321	KY120352	2016-03-22	South America	Brazil	unknown	Oh Et Al	unknown	unknown	https://www.ncbi.nlm.nih.gov/nuccore/KY120352	0.00	2016.22	2016-03-22
BeH823339	KU729217	2015-12-31	South America	Brazil	unknown	Faria Et Al	unknown	unknown	https://www.ncbi.nlm.nih.gov/nuccore/KU729217	0.00	2016.00	2015-XX-XX
BRA/2016/ZKV17uri_2016_04_19	MH882542	2016-04-20	South America	Brazil	unknown	?	unknown	unknown	?	0.00	2016.30	2016-04-19
BRA/2016/ZKV17Bsem_2016_05_03	MH882529	2016-05-03	South America	Brazil	unknown	?	unknown	unknown	?	0.00	2016.34	2016-05-03
BRA/2016/ZKV17Asem_2016_04_26	MH882527	2016-04-27	South America	Brazil	unknown	?	unknown	unknown	?	0.00	2016.32	2016-04-26
BRA/2016/ZKV17Auri_2016_04_26	MH882528	2016-04-27	South America	Brazil	unknown	?	unknown	unknown	?	0.00	2016.32	2016-04-26
BRA/2016/ZKV17Hsem_2016_06_16	MH882535	2016-06-16	South America	Brazil	unknown	?	unknown	unknown	?	0.00	2016.46	2016-06-16
BRA/2016/ZKV17Esem_2016_05_24	MH882532	2016-05-24	South America	Brazil	unknown	?	unknown	unknown	?	0.00	2016.40	2016-05-24
BRA/2016/ZKV17Dsem_2016_05_17	MH882531	2016-05-17	South America	Brazil	unknown	?	unknown	unknown	?	0.00	2016.38	2016-05-17
BRA/2016/ZKV17Fsem_2016_05_31	MH882533	2016-06-04	South America	Brazil	unknown	?	unknown	unknown	?	0.00	2016.42	2016-06-03
BRA/2016/ZKV17Csem_2016_05_10	MH882530	2016-05-10	South America	Brazil	unknown	?	unknown	unknown	?	0.00	2016.36	2016-05-10
BRA/2016/ZKV17Ksem_2016_07_05	MH882537	2016-07-05	South America	Brazil	unknown	?	unknown	unknown	?	0.00	2016.51	2016-07-05
BRA/2016/ZKV17Gsem_2016_06_08	MH882534	2016-06-08	South America	Brazil	unknown	?	unknown	unknown	?	0.00	2016.44	2016-06-08
BRA/2016/ZKV17Jsem_2016_06_28	MH882536	2016-06-29	South America	Brazil	unknown	?	unknown	unknown	?	0.00	2016.49	2016-06-28
BRA/2016/ZKV17Nsem_2016_07_27	MH882540	2016-07-27	South America	Brazil	unknown	?	unknown	unknown	?	0.00	2016.57	2016-07-27
BRA/2016/ZKV17Msem_2016_07_19	MH882539	2016-07-19	South America	Brazil	unknown	?	unknown	unknown	?	0.00	2016.55	2016-07-19
BRA/2016/ZKV17Lsem_2016_07_12	MH882538	2016-07-12	South America	Brazil	unknown	?	unknown	unknown	?	0.00	2016.53	2016-07-12
Brazil/2015/ZBRA105	KY558989	2015-02-24	South America	Brazil	unknown	Faria Et Al	unknown	unknown	https://www.ncbi.nlm.nih.gov/nuccore/KY558989	0.00	2015.15	2015-02-23
Saint_Barthelemi_Rus_6BRN_2016	MF098767	2016-07-26	North America	Saint Barthelemy	unknown	Karan Et Al	unknown	unknown	https://www.ncbi.nlm.nih.gov/nuccore/MF098767	0.00	2016.57	2016-07-25
Brazil/2016/ZBRY4	KY559026	2016-01-16	South America	Brazil	unknown	Faria Et Al	unknown	unknown	https://www.ncbi.nlm.nih.gov/nuccore/KY559026	0.00	2016.04	2016-01-15
Brazil/2016/ZBRY11	KY559029	2016-01-01	South America	Brazil	unknown	Faria Et Al	unknown	unknown	https://www.ncbi.nlm.nih.gov/nuccore/KY559029	0.00	2016.00	2016-01-XX
Brazil/2016/ZBRY14	KY817930	2016-01-31	South America	Brazil	unknown	Faria Et Al	unknown	unknown	https://www.ncbi.nlm.nih.gov/nuccore/KY817930	0.00	2016.08	2016-01-XX
DOM/2016/BB_0216	KY014302	2016-04-21	North America	Dominican Republic	unknown	Metsky Et Al	unknown	unknown	https://www.ncbi.nlm.nih.gov/nuccore/KY014302	0.00	2016.31	2016-04-21
DOM/2016/BB_0180	KY014304	2016-04-18	North America	Dominican Republic	unknown	Metsky Et Al	unknown	unknown	https://www.ncbi.nlm.nih.gov/nuccore/KY014304	0.00	2016.30	2016-04-18
DOM/2016/BB_0433	KY785441	2016-06-13	North America	Dominican Republic	unknown	Metsky Et Al	unknown	unknown	https://www.ncbi.nlm.nih.gov/nuccore/KY785441	0.00	2016.45	2016-06-13
DOM/2016/BB_0071	KY785449	2016-04-06	North America	Dominican Republic	unknown	Metsky Et Al	unknown	unknown	https://www.ncbi.nlm.nih.gov/nuccore/KY785449	0.00	2016.26	2016-04-05
mosquito/Haiti/1855/2016	MF783072	2016-06-27	North America	Haiti	unknown	?	unknown	unknown	?	0.00	2016.49	2016-06-27
PHE_Guadeloupe	KX673530	2016-04-21	North America	Guadeloupe	unknown	Atkinson Et Al	unknown	unknown	https://www.ncbi.nlm.nih.gov/nuccore/KX673530	0.00	2016.31	2016-04-21
DOM/2016/BB_0436	KY014314	2016-06-15	North America	Dominican Republic	unknown	Metsky Et Al	unknown	unknown	https://www.ncbi.nlm.nih.gov/nuccore/KY014314	0.00	2016.45	2016-06-14
DOM/2016/BB_0115	KY014321	2016-04-12	North America	Dominican Republic	unknown	Metsky Et Al	unknown	unknown	https://www.ncbi.nlm.nih.gov/nuccore/KY014321	0.00	2016.28	2016-04-11
DOM/2016/MA_WGS16_014	KY785470	2016-06-19	North America	Dominican Republic	unknown	Metsky Et Al	unknown	unknown	https://www.ncbi.nlm.nih.gov/nuccore/KY785470	0.00	2016.47	2016-06-18
3216DP137	LC331561	2017-01-01	Japan Korea	Japan	unknown	Yoshida Et Al	unknown	unknown	https://www.ncbi.nlm.nih.gov/nuccore/LC331561	0.00	2017.00	2016-XX-XX
DOM/2016/BB_0091	KY785475	2016-04-07	North America	Dominican Republic	unknown	Metsky Et Al	unknown	unknown	https://www.ncbi.nlm.nih.gov/nuccore/KY785475	0.00	2016.27	2016-04-07
DOM/2016/MA_WGS16_013	KY785473	2016-06-16	North America	Dominican Republic	unknown	Metsky Et Al	unknown	unknown	https://www.ncbi.nlm.nih.gov/nuccore/KY785473	0.00	2016.46	2016-06-15
Cuba_2017	MF438286	2017-02-13	North America	Cuba	unknown	Lasala-Sanchez Et Al	unknown	unknown	https://www.ncbi.nlm.nih.gov/nuccore/MF438286	0.00	2017.12	2017-02-12
Cuba/2017/FL055Se	MH063264	2017-08-14	North America	Cuba	unknown	Grubaugh Et Al	unknown	unknown	https://www.ncbi.nlm.nih.gov/nuccore/MH063264	0.00	2017.62	2017-08-13
Cuba/2017/FL047U	MH063260	2017-08-08	North America	Cuba	unknown	Grubaugh Et Al	unknown	unknown	https://www.ncbi.nlm.nih.gov/nuccore/MH063260	0.00	2017.60	2017-08-08
Dominican_Republic/2016/ZB	MF664436	2016-08-25	North America	Dominican Republic	unknown	Prilipov Et Al	unknown	unknown	https://www.ncbi.nlm.nih.gov/nuccore/MF664436	0.00	2016.65	2016-08-25
Dominican_Rep_Rus_7EGR_2016	MF098768	2016-08-25	North America	Dominican Republic	unknown	Karan Et Al	unknown	unknown	https://www.ncbi.nlm.nih.gov/nuccore/MF098768	0.00	2016.65	2016-08-25
Dominican_Rep_Rus_8ZBR_2016	MF098769	2016-08-25	North America	Dominican Republic	unknown	Karan Et Al	unknown	unknown	https://www.ncbi.nlm.nih.gov/nuccore/MF098769	0.00	2016.65	2016-08-25
JAM/2016/WI_JM6	KY785419	2016-06-13	North America	Jamaica	unknown	Metsky Et Al	unknown	unknown	https://www.ncbi.nlm.nih.gov/nuccore/KY785419	0.00	2016.45	2016-06-13
USVI/42/2016	VI42	2016-10-27	North America	USVI	unknown	Black Et Al	unknown	unknown	https://github.com/blab/zika-usvi/	0.00	2016.82	2016-10-26
USVI/28/2016	VI28	2016-11-29	North America	USVI	unknown	Black Et Al	unknown	unknown	https://github.com/blab/zika-usvi/	0.00	2016.91	2016-11-28
USVI/41/2016	VI41	2016-11-11	North America	USVI	unknown	Black Et Al	unknown	unknown	https://github.com/blab/zika-usvi/	0.00	2016.86	2016-11-10
USVI/19/2016	VI19	2016-11-22	North America	USVI	unknown	Black Et Al	unknown	unknown	https://github.com/blab/zika-usvi/tree/master/data	0.00	2016.89	2016-11-21
Dominican_Republic/2016/PD1	KU853012	2016-02-02	North America	Dominican Republic	unknown	Barzon Et Al	unknown	unknown	https://www.ncbi.nlm.nih.gov/nuccore/KU853012	0.00	2016.09	2016-02-01
USA/2016/FL039	KX922707	2016-08-18	North America	USA	unknown	Grubaugh Et Al	unknown	unknown	https://www.ncbi.nlm.nih.gov/nuccore/KX922707	0.00	2016.63	2016-08-17
DOM/2016/BB_0269	KY014318	2016-04-28	North America	Dominican Republic	unknown	Metsky Et Al	unknown	unknown	https://www.ncbi.nlm.nih.gov/nuccore/KY014318	0.00	2016.32	2016-04-27
DOM/2016/BB_0183	KY785420	2016-04-18	North America	Dominican Republic	unknown	Metsky Et Al	unknown	unknown	https://www.ncbi.nlm.nih.gov/nuccore/KY785420	0.00	2016.30	2016-04-18
Dominican_Rep_Rus_3ALT_2016	MF098764	2016-05-12	North America	Dominican Republic	unknown	Karan Et Al	unknown	unknown	https://www.ncbi.nlm.nih.gov/nuccore/MF098764	0.00	2016.36	2016-05-11
USVI/22/2016	VI22	2016-09-08	North America	USVI	unknown	Black Et Al	unknown	unknown	https://github.com/blab/zika-usvi/	0.00	2016.69	2016-09-07
DOM/2016/MA_WGS16_036	KY785447	2016-09-23	North America	Dominican Republic	unknown	Metsky Et Al	unknown	unknown	https://www.ncbi.nlm.nih.gov/nuccore/KY785447	0.00	2016.73	2016-09-22
DOM/2016/MA_WGS16_040	KY785413	2016-10-07	North America	Dominican Republic	unknown	Metsky Et Al	unknown	unknown	https://www.ncbi.nlm.nih.gov/nuccore/KY785413	0.00	2016.77	2016-10-06
Yokohama/1/2016	LC190723	2016-05-21	Japan Korea	Japan	unknown	Ozawa Et Al	unknown	unknown	https://www.ncbi.nlm.nih.gov/nuccore/LC190723	0.00	2016.39	2016-05-20
DOM/2016/BB_0076	KY014305	2016-04-06	North America	Dominican Republic	unknown	Metsky Et Al	unknown	unknown	https://www.ncbi.nlm.nih.gov/nuccore/KY014305	0.00	2016.26	2016-04-05
Dominican_Rep_Rus_5RMN_2016	MF098766	2016-06-01	North America	Dominican Republic	unknown	Karan Et Al	unknown	unknown	https://www.ncbi.nlm.nih.gov/nuccore/MF098766	0.00	2016.42	2016-05-31
Cuba/2017/FL049U	MH063261	2017-09-25	North America	Cuba	unknown	Grubaugh Et Al	unknown	unknown	https://www.ncbi.nlm.nih.gov/nuccore/MH063261	0.00	2017.73	2017-09-24
Haiti/2016/PD	KX269878	2016-02-02	North America	Haiti	unknown	Barzon Et Al	unknown	unknown	https://www.ncbi.nlm.nih.gov/nuccore/KX269878	0.00	2016.09	2016-02-01
DOM/2016/MA_WGS16_024	KY785435	2016-07-08	North America	Dominican Republic	unknown	Metsky Et Al	unknown	unknown	https://www.ncbi.nlm.nih.gov/nuccore/KY785435	0.00	2016.52	2016-07-07
DOM/2016/MA_WGS16_011	KY785484	2016-06-07	North America	Dominican Republic	unknown	Metsky Et Al	unknown	unknown	https://www.ncbi.nlm.nih.gov/nuccore/KY785484	0.00	2016.43	2016-06-06
JAM/2016/MA_WGS16_039	KY785430	2016-09-28	North America	Jamaica	unknown	Metsky Et Al	unknown	unknown	https://www.ncbi.nlm.nih.gov/nuccore/KY785430	0.00	2016.74	2016-09-28
DOM/2016/BB_0208	KY014300	2016-04-21	North America	Dominican Republic	unknown	Metsky Et Al	unknown	unknown	https://www.ncbi.nlm.nih.gov/nuccore/KY014300	0.00	2016.30	2016-04-20
DOM/2016/MA_WGS16_007	KY785453	2016-05-10	North America	Dominican Republic	unknown	Metsky Et Al	unknown	unknown	https://www.ncbi.nlm.nih.gov/nuccore/KY785453	0.00	2016.36	2016-05-10
USA/2016/FLUR011	KY325471	2016-08-09	North America	USA	unknown	Grubaugh Et Al	unknown	unknown	https://www.ncbi.nlm.nih.gov/nuccore/KY325471	0.00	2016.61	2016-08-08
USA/2016/FLUR058	KY325476	2016-10-12	North America	USA	unknown	Grubaugh Et Al	unknown	unknown	https://www.ncbi.nlm.nih.gov/nuccore/KY325476	0.00	2016.78	2016-10-11
USA/2016/FLSR036	KY325464	2016-09-20	North America	USA	unknown	Grubaugh Et Al	unknown	unknown	https://www.ncbi.nlm.nih.gov/nuccore/KY325464	0.00	2016.72	2016-09-19
USA/2016/FLUR026	KY325474	2016-09-13	North America	USA	unknown	Grubaugh Et Al	unknown	unknown	https://www.ncbi.nlm.nih.gov/nuccore/KY325474	0.00	2016.70	2016-09-13
Aedes_aegypti/USA/2016/FL05	KY075937	2016-09-09	North America	USA	unknown	Grubaugh Et Al	unknown	unknown	https://www.ncbi.nlm.nih.gov/nuccore/KY075937	0.00	2016.69	2016-09-09
USA/2016/FLUR014	KY325482	2016-08-25	North America	USA	unknown	Ladner Et Al	unknown	unknown	https://www.ncbi.nlm.nih.gov/nuccore/KY325482	0.00	2016.65	2016-08-24
USA/2016/FLUR022	KY325473	2016-09-01	North America	USA	unknown	Grubaugh Et Al	unknown	unknown	https://www.ncbi.nlm.nih.gov/nuccore/KY325473	0.00	2016.67	2016-08-31
Aedes_aegypti/USA/2016/FL03	KX838906	2016-08-24	North America	USA	unknown	Grubaugh Et Al	unknown	unknown	https://www.ncbi.nlm.nih.gov/nuccore/KX838906	0.00	2016.65	2016-08-23
USA/2016/FL032	KX922705	2016-08-06	North America	USA	unknown	Grubaugh Et Al	unknown	unknown	https://www.ncbi.nlm.nih.gov/nuccore/KX922705	0.00	2016.60	2016-08-05
Aedes_aegypti/USA/2016/FL04	KX922708	2016-09-05	North America	USA	unknown	Grubaugh Et Al	unknown	unknown	https://www.ncbi.nlm.nih.gov/nuccore/KX922708	0.00	2016.68	2016-09-04
MB16_23	MF988743	2016-09-01	North America	USA	unknown	Mutebi Et Al	unknown	unknown	https://www.ncbi.nlm.nih.gov/nuccore/MF988743	0.00	2016.67	2016-09-01
USA/2016/MA_WGS16_034	KY785459	2016-08-15	North America	USA	unknown	Metsky Et Al	unknown	unknown	https://www.ncbi.nlm.nih.gov/nuccore/KY785459	0.00	2016.62	2016-08-15
JAM/2016/MA_WGS16_025	KY785424	2016-07-11	North America	Jamaica	unknown	Metsky Et Al	unknown	unknown	https://www.ncbi.nlm.nih.gov/nuccore/KY785424	0.00	2016.53	2016-07-10
Dominican_Rep_Rus_4MRG_2016	MF098765	2016-05-24	North America	Dominican Republic	unknown	Karan Et Al	unknown	unknown	https://www.ncbi.nlm.nih.gov/nuccore/MF098765	0.00	2016.39	2016-05-23
USVI/7/2016	VI7	2016-10-27	North America	USVI	unknown	Black Et Al	unknown	unknown	https://github.com/blab/zika-usvi/tree/master/data	0.00	2016.82	2016-10-27
DOM/2016/BB_0059	KY785425	2016-04-05	North America	Dominican Republic	unknown	Metsky Et Al	unknown	unknown	https://www.ncbi.nlm.nih.gov/nuccore/KY785425	0.00	2016.26	2016-04-04
USA/2016/FL029	KY785457	2016-08-02	North America	USA	unknown	Metsky Et Al	unknown	unknown	https://www.ncbi.nlm.nih.gov/nuccore/KY785457	0.00	2016.59	2016-08-01
USA/2016/FL028	KY785443	2016-08-02	North America	USA	unknown	Metsky Et Al	unknown	unknown	https://www.ncbi.nlm.nih.gov/nuccore/KY785443	0.00	2016.59	2016-08-01
USA/2016/FLUR006	KY325467	2016-07-30	North America	USA	unknown	Grubaugh Et Al	unknown	unknown	https://www.ncbi.nlm.nih.gov/nuccore/KY325467	0.00	2016.58	2016-07-29
USA/2016/Hu0015SA	KX832731	2016-08-25	North America	USA	unknown	Grubaugh Et Al	unknown	unknown	https://www.ncbi.nlm.nih.gov/nuccore/KX832731	0.00	2016.65	2016-08-24
USA/2016/FL030	KX922704	2016-08-03	North America	USA	unknown	Grubaugh Et Al	unknown	unknown	https://www.ncbi.nlm.nih.gov/nuccore/KX922704	0.00	2016.59	2016-08-02
USA/2016/FLUR005	KY325481	2016-07-30	North America	USA	unknown	Grubaugh Et Al	unknown	unknown	https://www.ncbi.nlm.nih.gov/nuccore/KY325481	0.00	2016.58	2016-07-29
USA/2016/FL022	KY075935	2016-07-23	North America	USA	unknown	Grubaugh Et Al	unknown	unknown	https://www.ncbi.nlm.nih.gov/nuccore/KY075935	0.00	2016.56	2016-07-22
USA/2016/FL036	KY075936	2016-08-05	North America	USA	unknown	Grubaugh Et Al	unknown	unknown	https://www.ncbi.nlm.nih.gov/nuccore/KY075936	0.00	2016.59	2016-08-04
USA/2016/FL021	KX922703	2016-07-19	North America	USA	unknown	Grubaugh Et Al	unknown	unknown	https://www.ncbi.nlm.nih.gov/nuccore/KX922703	0.00	2016.55	2016-07-19
USA/2016/FLUR002	KY325466	2016-07-29	North America	USA	unknown	Grubaugh Et Al	unknown	unknown	https://www.ncbi.nlm.nih.gov/nuccore/KY325466	0.00	2016.57	2016-07-28
Aedes_aegypti/USA/2016/FL02	KX838905	2016-08-24	North America	USA	unknown	Grubaugh Et Al	unknown	unknown	https://www.ncbi.nlm.nih.gov/nuccore/KX838905	0.00	2016.65	2016-08-23
Aedes_aegypti/USA/2016/FL08	KY075939	2016-10-05	North America	USA	unknown	Grubaugh Et Al	unknown	unknown	https://www.ncbi.nlm.nih.gov/nuccore/KY075939	0.00	2016.76	2016-10-05
USA/2016/FLUR007	KY325468	2016-08-05	North America	USA	unknown	Grubaugh Et Al	unknown	unknown	https://www.ncbi.nlm.nih.gov/nuccore/KY325468	0.00	2016.59	2016-08-04
USA/2016/FLUR008	KY325469	2016-08-05	North America	USA	unknown	Grubaugh Et Al	unknown	unknown	https://www.ncbi.nlm.nih.gov/nuccore/KY325469	0.00	2016.59	2016-08-04
USA/2016/FL038	KX922706	2016-08-06	North America	USA	unknown	Grubaugh Et Al	unknown	unknown	https://www.ncbi.nlm.nih.gov/nuccore/KX922706	0.00	2016.60	2016-08-05
USA/2016/FLUR001	KY325480	2016-07-29	North America	USA	unknown	Grubaugh Et Al	unknown	unknown	https://www.ncbi.nlm.nih.gov/nuccore/KY325480	0.00	2016.57	2016-07-28
USA/2016/FLUR009	KY325470	2016-08-05	North America	USA	unknown	Grubaugh Et Al	unknown	unknown	https://www.ncbi.nlm.nih.gov/nuccore/KY325470	0.00	2016.59	2016-08-04
USA/2016/FLWB042	KY325478	2016-09-27	North America	USA	unknown	Grubaugh Et Al	unknown	unknown	https://www.ncbi.nlm.nih.gov/nuccore/KY325478	0.00	2016.74	2016-09-26
USA/2016/FL010	KY014295	2016-06-23	North America	USA	unknown	Metsky Et Al	unknown	unknown	https://www.ncbi.nlm.nih.gov/nuccore/KY014295	0.00	2016.48	2016-06-22
USA/2016/FLUR013	KY325472	2016-08-24	North America	USA	unknown	Grubaugh Et Al	unknown	unknown	https://www.ncbi.nlm.nih.gov/nuccore/KY325472	0.00	2016.65	2016-08-23
USA/2016/FLUR057	KY325475	2016-10-05	North America	USA	unknown	Grubaugh Et Al	unknown	unknown	https://www.ncbi.nlm.nih.gov/nuccore/KY325475	0.00	2016.76	2016-10-05
Aedes_aegypti/USA/2016/FL01	KX838904	2016-08-22	North America	USA	unknown	Grubaugh Et Al	unknown	unknown	https://www.ncbi.nlm.nih.gov/nuccore/KX838904	0.00	2016.64	2016-08-22
USA/2016/FLUR015	KY325483	2016-08-25	North America	USA	unknown	Grubaugh Et Al	unknown	unknown	https://www.ncbi.nlm.nih.gov/nuccore/KY325483	0.00	2016.65	2016-08-24
USA/2016/FLUR063	KY325477	2016-10-04	North America	USA	unknown	Grubaugh Et Al	unknown	unknown	https://www.ncbi.nlm.nih.gov/nuccore/KY325477	0.00	2016.76	2016-10-03
Aedes_aegypti/USA/2016/FL06	KY075938	2016-09-20	North America	USA	unknown	Grubaugh Et Al	unknown	unknown	https://www.ncbi.nlm.nih.gov/nuccore/KY075938	0.00	2016.72	2016-09-20
BR/Sinop/H366_2P/2015	MH513600	2015-12-12	South America	Brazil	unknown	?	unknown	unknown	?	0.00	2015.94	2015-12-11
BR_SJRP21	KY441401	2016-02-29	South America	Brazil	unknown	Bittar Et Al	unknown	unknown	https://www.ncbi.nlm.nih.gov/nuccore/KY441401	0.00	2016.16	2016-02-29
FVM00318/VEN/Maracay/2016	KY693680	2016-10-20	South America	Venezuela	unknown	Leguia Et Al	unknown	unknown	https://www.ncbi.nlm.nih.gov/nuccore/KY693680	0.00	2016.80	2016-10-19
BR/AM/16800005	KY631492	2016-01-08	South America	Brazil	unknown	Souza Et Al	unknown	unknown	https://www.ncbi.nlm.nih.gov/nuccore/KY631492	0.00	2016.02	2016-01-08
BR/Sinop/H355/2015	MH513598	2015-12-09	South America	Brazil	unknown	?	unknown	unknown	?	0.00	2015.94	2015-12-09
Brazil/2016/ZBRX106	KY559020	2016-03-08	South America	Brazil	unknown	Faria Et Al	unknown	unknown	https://www.ncbi.nlm.nih.gov/nuccore/KY559020	0.00	2016.18	2016-03-07
BeH819966	KU365779	2015-07-02	South America	Brazil	unknown	Azevedo Et Al	unknown	unknown	https://www.ncbi.nlm.nih.gov/nuccore/KU365779	0.00	2015.50	2015-XX-XX
SSABR1	KU707826	2015-07-01	South America	Brazil	unknown	Giovanetti Et Al	unknown	unknown	https://www.ncbi.nlm.nih.gov/nuccore/KU707826	0.00	2015.50	2015-07-01
BeH815744	KU365780	2015-12-31	South America	Brazil	unknown	Azevedo Et Al	unknown	unknown	https://www.ncbi.nlm.nih.gov/nuccore/KU365780	0.00	2016.00	2015-XX-XX
BeH818995	KU365777	2015-10-22	South America	Brazil	unknown	Azevedo Et Al	unknown	unknown	https://www.ncbi.nlm.nih.gov/nuccore/KU365777	0.00	2015.81	2015-XX-XX
Z1106033	KU312312	2015-10-02	South America	Suriname	unknown	Enfissi Et Al	unknown	unknown	https://www.ncbi.nlm.nih.gov/nuccore/KU312312	0.00	2015.75	2015-10-02
BRA/2016/FC_6864	KY014297	2016-04-13	South America	Brazil	unknown	Metsky Et Al	unknown	unknown	https://www.ncbi.nlm.nih.gov/nuccore/KY014297	0.00	2016.28	2016-04-12
BRA/2016/FC_6863	KY785450	2016-04-13	South America	Brazil	unknown	Metsky Et Al	unknown	unknown	https://www.ncbi.nlm.nih.gov/nuccore/KY785450	0.00	2016.28	2016-04-12
GZ01	KU820898	2016-02-14	South America	Venezuela	unknown	Deng Et Al	unknown	unknown	https://www.ncbi.nlm.nih.gov/nuccore/KU820898	0.00	2016.12	2016-02-14
USVI/11/2016	VI11	2016-03-22	North America	USVI	unknown	Black Et Al	unknown	unknown	https://github.com/blab/zika-usvi/tree/master/data	0.00	2016.22	2016-03-22
R114916	KX766028	2016-06-07	North America	Dominican Republic	unknown	Lanciotti Et Al	unknown	unknown	https://www.ncbi.nlm.nih.gov/nuccore/KX766028	0.00	2016.43	2016-06-06
GZ02/2016	KX056898	2016-02-25	South America	Venezuela	unknown	Li Et Al	unknown	unknown	https://www.ncbi.nlm.nih.gov/nuccore/KX056898	0.00	2016.15	2016-02-25
ZG_01	KY379148	2016-02-29	China	China	unknown	Huang Et Al	unknown	unknown	https://www.ncbi.nlm.nih.gov/nuccore/KY379148	0.00	2016.16	2016-02-29
GDZ16021	MF167360	2016-02-26	China	China	unknown	Sun Et Al	unknown	unknown	https://www.ncbi.nlm.nih.gov/nuccore/MF167360	0.00	2016.16	2016-02-26
Z16019	KU955590	2016-02-26	South America	Venezuela	unknown	Wu Et Al	unknown	unknown	https://www.ncbi.nlm.nih.gov/nuccore/KU955590	0.00	2016.16	2016-02-26
V16288	MF073357	2016-02-02	South America	Brazil	unknown	Strottmann Et Al	unknown	unknown	https://www.ncbi.nlm.nih.gov/nuccore/MF073357	0.00	2016.09	2016-02-01
BR_SJRP61	KY441402	2016-04-06	South America	Brazil	unknown	Bittar Et Al	unknown	unknown	https://www.ncbi.nlm.nih.gov/nuccore/KY441402	0.00	2016.26	2016-04-05
BR_SJRP1840	KY441403	2016-01-12	South America	Brazil	unknown	Bittar Et Al	unknown	unknown	https://www.ncbi.nlm.nih.gov/nuccore/KY441403	0.00	2016.03	2016-01-11
BR/NHP_17_18/2017	MG770185	2017-03-04	South America	Brazil	unknown	?	unknown	unknown	?	0.00	2017.17	2017-03-03
BR/NHP_17_17/2017	MG770184	2017-03-04	South America	Brazil	unknown	?	unknown	unknown	?	0.00	2017.17	2017-03-03
BR/NHP_17_05/2017	MG770183	2017-01-27	South America	Brazil	unknown	?	unknown	unknown	?	0.00	2017.07	2017-01-26
BR/NHP_17_19/2017	MG770186	2017-03-04	South America	Brazil	unknown	?	unknown	unknown	?	0.00	2017.17	2017-03-03
BeH819015	KU365778	2015-12-31	South America	Brazil	unknown	Azevedo Et Al	unknown	unknown	https://www.ncbi.nlm.nih.gov/nuccore/KU365778	0.00	2016.00	2015-XX-XX
SL1602	KY348640	2016-01-23	South America	Suriname	unknown	Van Boheemen Et Al	unknown	unknown	https://www.ncbi.nlm.nih.gov/nuccore/KY348640	0.00	2016.06	2016-01-22
V17271	KU758877	2015-12-01	South America	French Guiana	unknown	Enfissi Et Al	unknown	unknown	https://www.ncbi.nlm.nih.gov/nuccore/KU758877	0.00	2015.92	2015-12-XX
NL00013	KU937936	2016-02-11	South America	Suriname	unknown	Stalin Raj Et Al	unknown	unknown	https://www.ncbi.nlm.nih.gov/nuccore/KU937936	0.00	2016.11	2016-02-11
USVI/4/2016	VI4	2016-10-15	North America	USVI	unknown	Black Et Al	unknown	unknown	https://github.com/blab/zika-usvi/tree/master/data	0.00	2016.79	2016-10-14
USVI/40/2016	VI40	2016-11-06	North America	USVI	unknown	Black Et Al	unknown	unknown	https://github.com/blab/zika-usvi/	0.00	2016.85	2016-11-05
USVI/15/2016	VI15 1d	2016-09-13	North America	USVI	unknown	Black Et Al	unknown	unknown	https://github.com/blab/zika-usvi/	0.00	2016.70	2016-09-13
PRI/2016/MA_WGS16_004	KY785464	2016-04-14	North America	Puerto Rico	unknown	Metsky Et Al	unknown	unknown	https://www.ncbi.nlm.nih.gov/nuccore/KY785464	0.00	2016.28	2016-04-13
PRI/2016/MA_WGS16_016	KY785462	2016-06-27	North America	Puerto Rico	unknown	Metsky Et Al	unknown	unknown	https://www.ncbi.nlm.nih.gov/nuccore/KY785462	0.00	2016.49	2016-06-26
PRVABC59	KU501215	2015-12-01	North America	Puerto Rico	unknown	Lanciotti Et Al	unknown	unknown	https://www.ncbi.nlm.nih.gov/nuccore/KU501215	0.00	2015.92	2015-12-XX
PuertoRico/2016/FL016U	KY075934	2016-07-04	North America	Puerto Rico	unknown	Grubaugh Et Al	unknown	unknown	https://www.ncbi.nlm.nih.gov/nuccore/KY075934	0.00	2016.51	2016-07-03
PuertoRico/2016/FL008U	KY075933	2016-06-22	North America	Puerto Rico	unknown	Grubaugh Et Al	unknown	unknown	https://www.ncbi.nlm.nih.gov/nuccore/KY075933	0.00	2016.47	2016-06-21
USVI/39/2016	VI39	2016-11-10	North America	USVI	unknown	Black Et Al	unknown	unknown	https://github.com/blab/zika-usvi/	0.00	2016.86	2016-11-09
USVI/1/2016	VI1 1d	2016-09-28	North America	USVI	unknown	Black Et Al	unknown	unknown	https://github.com/blab/zika-usvi/	0.00	2016.74	2016-09-28
USVI/2/2016	VI2	2016-09-28	North America	USVI	unknown	Black Et Al	unknown	unknown	https://github.com/blab/zika-usvi/tree/master/data	0.00	2016.74	2016-09-28
USVI/12/2016	VI12	2016-11-04	North America	USVI	unknown	Black Et Al	unknown	unknown	https://github.com/blab/zika-usvi/tree/master/data	0.00	2016.85	2016-11-04
USVI/37/2016	VI37	2016-10-07	North America	USVI	unknown	Black Et Al	unknown	unknown	https://github.com/blab/zika-usvi/	0.00	2016.77	2016-10-06
PRI/2016/MA_WGS16_005	KY785481	2016-04-13	North America	Puerto Rico	unknown	Metsky Et Al	unknown	unknown	https://www.ncbi.nlm.nih.gov/nuccore/KY785481	0.00	2016.28	2016-04-12
USVI/35/2016	VI35	2016-09-09	North America	USVI	unknown	Black Et Al	unknown	unknown	https://github.com/blab/zika-usvi/	0.00	2016.69	2016-09-08
USVI/43/2016	VI43	2016-07-19	North America	USVI	unknown	Black Et Al	unknown	unknown	https://github.com/blab/zika-usvi/	0.00	2016.55	2016-07-19
USVI/25/2016	VI25 1d	2016-09-27	North America	USVI	unknown	Black Et Al	unknown	unknown	https://github.com/blab/zika-usvi/	0.00	2016.74	2016-09-27
USVI/38/2016	VI38	2016-10-26	North America	USVI	unknown	Black Et Al	unknown	unknown	https://github.com/blab/zika-usvi/	0.00	2016.82	2016-10-25
USVI/13/2016	VI13	2016-08-14	North America	USVI	unknown	Black Et Al	unknown	unknown	https://github.com/blab/zika-usvi/tree/master/data	0.00	2016.62	2016-08-13
USVI/45/2016	VI45	2016-08-03	North America	USVI	unknown	Black Et Al	unknown	unknown	https://github.com/blab/zika-usvi/	0.00	2016.59	2016-08-03
USVI/6/2016	VI6	2016-10-20	North America	USVI	unknown	Black Et Al	unknown	unknown	https://github.com/blab/zika-usvi/tree/master/data	0.00	2016.80	2016-10-19
USVI/34/2016	VI34	2016-08-02	North America	USVI	unknown	Black Et Al	unknown	unknown	https://github.com/blab/zika-usvi/	0.00	2016.59	2016-08-01
USVI/46/2016	VI46	2016-07-15	North America	USVI	unknown	Black Et Al	unknown	unknown	https://github.com/blab/zika-usvi/	0.00	2016.54	2016-07-15
USVI/3/2016	VI3	2016-09-27	North America	USVI	unknown	Black Et Al	unknown	unknown	https://github.com/blab/zika-usvi/tree/master/data	0.00	2016.74	2016-09-26
USVI/5/2016	VI5	2016-10-17	North America	USVI	unknown	Black Et Al	unknown	unknown	https://github.com/blab/zika-usvi/tree/master/data	0.00	2016.80	2016-10-17
USVI/24/2016	VI24	2016-09-13	North America	USVI	unknown	Black Et Al	unknown	unknown	https://github.com/blab/zika-usvi/	0.00	2016.70	2016-09-13
Brazil/2016/ZBRC16	KY558991	2016-01-19	South America	Brazil	unknown	Faria Et Al	unknown	unknown	https://www.ncbi.nlm.nih.gov/nuccore/KY558991	0.00	2016.05	2016-01-19
BRA/2016/FC_6418	KY785410	2016-03-27	South America	Brazil	unknown	Metsky Et Al	unknown	unknown	https://www.ncbi.nlm.nih.gov/nuccore/KY785410	0.00	2016.24	2016-03-27
Brazil/2016/ZBRE69	KY559004	2016-04-17	South America	Brazil	unknown	Faria Et Al	unknown	unknown	https://www.ncbi.nlm.nih.gov/nuccore/KY559004	0.00	2016.29	2016-04-16
RIO_BM1	KY272991	2016-02-13	South America	Brazil	unknown	Bonaldo Et Al	unknown	unknown	https://www.ncbi.nlm.nih.gov/nuccore/KY272991	0.00	2016.12	2016-02-12
Rio_U1	KU926309	2016-01-15	South America	Brazil	unknown	Bonaldo Et Al	unknown	unknown	https://www.ncbi.nlm.nih.gov/nuccore/KU926309	0.00	2016.04	2016-01-14
BRA/2016/FC_DQ5D1	KY785437	2016-03-15	South America	Brazil	unknown	Metsky Et Al	unknown	unknown	https://www.ncbi.nlm.nih.gov/nuccore/KY785437	0.00	2016.20	2016-03-14
Brazil/2016/ZBRY7	KY559032	2016-01-31	South America	Brazil	unknown	Faria Et Al	unknown	unknown	https://www.ncbi.nlm.nih.gov/nuccore/KY559032	0.00	2016.08	2016-01-XX
BRA/2016/FC_5905	KY014308	2016-03-23	South America	Brazil	unknown	Metsky Et Al	unknown	unknown	https://www.ncbi.nlm.nih.gov/nuccore/KY014308	0.00	2016.23	2016-03-23
Brazil/2016/ZBRY1	KY559025	2016-01-16	South America	Brazil	unknown	Faria Et Al	unknown	unknown	https://www.ncbi.nlm.nih.gov/nuccore/KY559025	0.00	2016.04	2016-01-15
NIC/6188_13A1/2016	KY765326	2016-06-30	North America	Nicaragua	unknown	Shabman Et Al	unknown	unknown	https://www.ncbi.nlm.nih.gov/nuccore/KY765326	0.00	2016.50	2016-06-30
GTM/2016/Guatemala_3921	MF801378	2016-07-22	North America	Guatemala	unknown	Theze Et Al	unknown	unknown	https://www.ncbi.nlm.nih.gov/nuccore/MF801378	0.00	2016.56	2016-07-21
2016_HND_19563	KX906952	2016-04-17	North America	Honduras	unknown	Lamson Et Al	unknown	unknown	https://www.ncbi.nlm.nih.gov/nuccore/KX906952	0.00	2016.29	2016-04-16
V103451	KX262887	2016-01-07	North America	Honduras	unknown	Lanciotti Et Al	unknown	unknown	https://www.ncbi.nlm.nih.gov/nuccore/KX262887	0.00	2016.02	2016-01-06
HND/R103451/2015	KX694534	2015-01-07	North America	Honduras	unknown	Shabman Et Al	unknown	unknown	https://www.ncbi.nlm.nih.gov/nuccore/KX694534	0.00	2015.02	2015-01-06
FB_GWUH_2016	KU870645	2016-02-03	North America	Guatemala	unknown	Driggers Et Al	unknown	unknown	https://www.ncbi.nlm.nih.gov/nuccore/KU870645	0.00	2016.09	2016-02-02
MEX/42_007_F_V3_O/2016	MH157211	2016-07-30	North America	Mexico	unknown	Tan Et Al	unknown	unknown	https://www.ncbi.nlm.nih.gov/nuccore/MH157211	0.00	2016.58	2016-07-29
MEX/41_023_F_V7_O/2016	MH157196	2016-08-29	North America	Mexico	unknown	Tan Et Al	unknown	unknown	https://www.ncbi.nlm.nih.gov/nuccore/MH157196	0.00	2016.66	2016-08-29
MEX/41_023_F_V3_O/2016	MH157210	2016-08-25	North America	Mexico	unknown	Tan Et Al	unknown	unknown	https://www.ncbi.nlm.nih.gov/nuccore/MH157210	0.00	2016.65	2016-08-25
HND/2016/Honduras_24	MF801381	2016-03-28	North America	Honduras	unknown	Theze Et Al	unknown	unknown	https://www.ncbi.nlm.nih.gov/nuccore/MF801381	0.00	2016.24	2016-XX-XX
V8375	KU501217	2015-11-01	North America	Guatemala	unknown	Lanciotti Et Al	unknown	unknown	https://www.ncbi.nlm.nih.gov/nuccore/KU501217	0.00	2015.84	2015-11-01
V103344	KU501216	2015-12-01	North America	Guatemala	unknown	Lanciotti Et Al	unknown	unknown	https://www.ncbi.nlm.nih.gov/nuccore/KU501216	0.00	2015.92	2015-12-01
Mexico/INPER38b/2016	MG494697	2016-11-25	North America	Mexico	unknown	Valdespino-Vazquez Et Al	unknown	unknown	https://www.ncbi.nlm.nih.gov/nuccore/MG494697	0.00	2016.90	2016-11-24
MEX/2016/mex33	MF801411	2016-07-05	North America	Mexico	unknown	Theze Et Al	unknown	unknown	https://www.ncbi.nlm.nih.gov/nuccore/MF801411	0.00	2016.51	2016-07-05
MEX/2016/mex19	MF801399	2016-05-21	North America	Mexico	unknown	Theze Et Al	unknown	unknown	https://www.ncbi.nlm.nih.gov/nuccore/MF801399	0.00	2016.39	2016-05-20
MEX/2016/mex20	MF801400	2016-05-21	North America	Mexico	unknown	Theze Et Al	unknown	unknown	https://www.ncbi.nlm.nih.gov/nuccore/MF801400	0.00	2016.39	2016-05-20
mex48/Mexico/2016	KY606273	2016-06-30	North America	Mexico	unknown	Chiu Et Al	unknown	unknown	https://www.ncbi.nlm.nih.gov/nuccore/KY606273	0.00	2016.50	2016-06-30
MEX/2016/mex47	MF801423	2016-06-30	North America	Mexico	unknown	Theze Et Al	unknown	unknown	https://www.ncbi.nlm.nih.gov/nuccore/MF801423	0.00	2016.50	2016-06-30
mex39/Mexico/2016	KY606274	2016-07-08	North America	Mexico	unknown	Chiu Et Al	unknown	unknown	https://www.ncbi.nlm.nih.gov/nuccore/KY606274	0.00	2016.52	2016-07-07
HND/2016/Honduras_1162	MF801389	2016-05-10	North America	Honduras	unknown	Theze Et Al	unknown	unknown	https://www.ncbi.nlm.nih.gov/nuccore/MF801389	0.00	2016.36	2016-05-10
NIC/1659_13A1/2016	MF434517	2016-08-20	North America	Nicaragua	unknown	Theze Et Al	unknown	unknown	https://www.ncbi.nlm.nih.gov/nuccore/MF434517	0.00	2016.64	2016-08-19
HND/2016/HU_SZ76	KY785471	2016-05-03	North America	Honduras	unknown	Metsky Et Al	unknown	unknown	https://www.ncbi.nlm.nih.gov/nuccore/KY785471	0.00	2016.34	2016-05-03
NIC/7253_13A1/2016	MF434522	2016-08-29	North America	Nicaragua	unknown	Theze Et Al	unknown	unknown	https://www.ncbi.nlm.nih.gov/nuccore/MF434522	0.00	2016.66	2016-08-29
NIC/1304_13A1/2016	MF434516	2016-08-06	North America	Nicaragua	unknown	Theze Et Al	unknown	unknown	https://www.ncbi.nlm.nih.gov/nuccore/MF434516	0.00	2016.60	2016-08-05
NIC/5338_13A1/2016	MF434519	2016-07-23	North America	Nicaragua	unknown	Theze Et Al	unknown	unknown	https://www.ncbi.nlm.nih.gov/nuccore/MF434519	0.00	2016.56	2016-07-22
HND/2016/HU_ME171	KY785448	2016-06-11	North America	Honduras	unknown	Metsky Et Al	unknown	unknown	https://www.ncbi.nlm.nih.gov/nuccore/KY785448	0.00	2016.44	2016-06-10
HND/2016/HU_ME172	KY785458	2016-06-11	North America	Honduras	unknown	Metsky Et Al	unknown	unknown	https://www.ncbi.nlm.nih.gov/nuccore/KY785458	0.00	2016.44	2016-06-10
FHT1166/HON/2016	KY693676	2016-08-26	North America	Honduras	unknown	Leguia Et Al	unknown	unknown	https://www.ncbi.nlm.nih.gov/nuccore/KY693676	0.00	2016.65	2016-08-26
HND/2016/HU_ME131	KY785414	2016-05-28	North America	Honduras	unknown	Metsky Et Al	unknown	unknown	https://www.ncbi.nlm.nih.gov/nuccore/KY785414	0.00	2016.41	2016-05-28
NIC/8610_13A1/2016	KY765324	2016-07-08	North America	Nicaragua	unknown	Shabman Et Al	unknown	unknown	https://www.ncbi.nlm.nih.gov/nuccore/KY765324	0.00	2016.52	2016-07-07
NIC/5256_13A1/2016	MF434518	2016-08-26	North America	Nicaragua	unknown	Theze Et Al	unknown	unknown	https://www.ncbi.nlm.nih.gov/nuccore/MF434518	0.00	2016.65	2016-08-26
HND/2016/Honduras_1055	MF801385	2016-02-13	North America	Honduras	unknown	Theze Et Al	unknown	unknown	https://www.ncbi.nlm.nih.gov/nuccore/MF801385	0.00	2016.12	2016-02-12
HN16	KY328289	2016-05-16	North America	Honduras	unknown	Murray Et Al	unknown	unknown	https://www.ncbi.nlm.nih.gov/nuccore/KY328289	0.00	2016.37	2016-05-15
HND/2016/HU_ME58	KY014312	2016-05-13	North America	Honduras	unknown	Metsky Et Al	unknown	unknown	https://www.ncbi.nlm.nih.gov/nuccore/KY014312	0.00	2016.37	2016-05-13
HND/2016/HU_ME156	KY785452	2016-06-08	North America	Honduras	unknown	Metsky Et Al	unknown	unknown	https://www.ncbi.nlm.nih.gov/nuccore/KY785452	0.00	2016.44	2016-06-07
HND/2016/HU_ME42	KY014310	2016-05-10	North America	Honduras	unknown	Metsky Et Al	unknown	unknown	https://www.ncbi.nlm.nih.gov/nuccore/KY014310	0.00	2016.36	2016-05-09
HND/2016/HU_ME38	KY014319	2016-05-01	North America	Honduras	unknown	Metsky Et Al	unknown	unknown	https://www.ncbi.nlm.nih.gov/nuccore/KY014319	0.00	2016.33	2016-04-30
HND/2016/HU_ME147	KY785442	2016-06-04	North America	Honduras	unknown	Metsky Et Al	unknown	unknown	https://www.ncbi.nlm.nih.gov/nuccore/KY785442	0.00	2016.43	2016-06-04
HND/2016/HU_ME33	KY785416	2016-04-28	North America	Honduras	unknown	Metsky Et Al	unknown	unknown	https://www.ncbi.nlm.nih.gov/nuccore/KY785416	0.00	2016.33	2016-04-28
NIC/6547_13A1/2016	MF434521	2016-07-19	North America	Nicaragua	unknown	Theze Et Al	unknown	unknown	https://www.ncbi.nlm.nih.gov/nuccore/MF434521	0.00	2016.55	2016-07-19
NIC/4886_12A1/2016	KY765321	2016-07-11	North America	Nicaragua	unknown	Shabman Et Al	unknown	unknown	https://www.ncbi.nlm.nih.gov/nuccore/KY765321	0.00	2016.53	2016-07-10
NIC/7252_12A1/2016	KY765317	2016-06-30	North America	Nicaragua	unknown	Shabman Et Al	unknown	unknown	https://www.ncbi.nlm.nih.gov/nuccore/KY765317	0.00	2016.50	2016-06-29
MEX/2016/mex25	MF801403	2016-05-25	North America	Mexico	unknown	Theze Et Al	unknown	unknown	https://www.ncbi.nlm.nih.gov/nuccore/MF801403	0.00	2016.40	2016-05-25
MEX/2016/mex28	MF801406	2016-07-08	North America	Mexico	unknown	Theze Et Al	unknown	unknown	https://www.ncbi.nlm.nih.gov/nuccore/MF801406	0.00	2016.52	2016-07-07
MEX/2016/Mexico_1	MF801390	2016-01-01	North America	Mexico	unknown	Theze Et Al	unknown	unknown	https://www.ncbi.nlm.nih.gov/nuccore/MF801390	0.00	2016.00	2016-XX-XX
HND/2016/Honduras_1122	MF801387	2016-03-30	North America	Honduras	unknown	Theze Et Al	unknown	unknown	https://www.ncbi.nlm.nih.gov/nuccore/MF801387	0.00	2016.24	2016-03-29
NIC/6406_13A1/2016	KY765320	2016-05-29	North America	Nicaragua	unknown	Shabman Et Al	unknown	unknown	https://www.ncbi.nlm.nih.gov/nuccore/KY765320	0.00	2016.41	2016-05-29
Nica2_16	KX421194	2016-01-14	North America	Nicaragua	unknown	Tabata Et Al	unknown	unknown	https://www.ncbi.nlm.nih.gov/nuccore/KX421194	0.00	2016.04	2016-01-13
Nica1_16	KX421195	2016-01-19	North America	Nicaragua	unknown	Tabata Et Al	unknown	unknown	https://www.ncbi.nlm.nih.gov/nuccore/KX421195	0.00	2016.05	2016-01-19
Henan/001/2016	MF593625	2016-09-15	North America	Guatemala	unknown	Li Et Al	unknown	unknown	https://www.ncbi.nlm.nih.gov/nuccore/MF593625	0.00	2016.71	2016-09-14
HND/2016/Honduras_25	MF801382	2016-07-11	North America	Honduras	unknown	Theze Et Al	unknown	unknown	https://www.ncbi.nlm.nih.gov/nuccore/MF801382	0.00	2016.53	2016-XX-XX
Mex03/Mexico/2016	KY606271	2016-03-06	North America	Mexico	unknown	Faria Et Al	unknown	unknown	https://www.ncbi.nlm.nih.gov/nuccore/KY606271	0.00	2016.18	2016-03-05
MEX/2016/mex26	MF801404	2016-07-08	North America	Mexico	unknown	Theze Et Al	unknown	unknown	https://www.ncbi.nlm.nih.gov/nuccore/MF801404	0.00	2016.52	2016-07-08
MEX/2016/mex14	MF801396	2016-05-17	North America	Mexico	unknown	Theze Et Al	unknown	unknown	https://www.ncbi.nlm.nih.gov/nuccore/MF801396	0.00	2016.38	2016-05-17
MEX/2016/mex24	MF801402	2016-05-27	North America	Mexico	unknown	Theze Et Al	unknown	unknown	https://www.ncbi.nlm.nih.gov/nuccore/MF801402	0.00	2016.40	2016-05-26
MEX/2016/mex42	MF801418	2016-06-30	North America	Mexico	unknown	Theze Et Al	unknown	unknown	https://www.ncbi.nlm.nih.gov/nuccore/MF801418	0.00	2016.50	2016-06-30
NIC/2016/Nicaragua_3912	MF801426	2016-07-26	North America	Nicaragua	unknown	Theze Et Al	unknown	unknown	https://www.ncbi.nlm.nih.gov/nuccore/MF801426	0.00	2016.57	2016-07-25
USA/2016/FLWB044	KY325479	2016-09-28	North America	USA	unknown	Grubaugh Et Al	unknown	unknown	https://www.ncbi.nlm.nih.gov/nuccore/KY325479	0.00	2016.74	2016-09-28
USA/2016/FLSR043	KY325465	2016-09-28	North America	USA	unknown	Grubaugh Et Al	unknown	unknown	https://www.ncbi.nlm.nih.gov/nuccore/KY325465	0.00	2016.74	2016-09-28
MEX/2016/mex30	MF801408	2016-07-05	North America	Mexico	unknown	Theze Et Al	unknown	unknown	https://www.ncbi.nlm.nih.gov/nuccore/MF801408	0.00	2016.51	2016-07-05
HND/2016/Honduras_1031	MF801384	2016-02-03	North America	Honduras	unknown	Theze Et Al	unknown	unknown	https://www.ncbi.nlm.nih.gov/nuccore/MF801384	0.00	2016.09	2016-02-03
HND/2016/Honduras_1083	MF801386	2016-02-25	North America	Honduras	unknown	Theze Et Al	unknown	unknown	https://www.ncbi.nlm.nih.gov/nuccore/MF801386	0.00	2016.15	2016-02-24
GTM/2016/Guatemala_2411	MF801380	2016-04-12	North America	Guatemala	unknown	Theze Et Al	unknown	unknown	https://www.ncbi.nlm.nih.gov/nuccore/MF801380	0.00	2016.28	2016-04-11
SG_EHI_/33164Y17	MF988734	2017-08-01	North America	Cuba	unknown	Tan Et Al	unknown	unknown	https://www.ncbi.nlm.nih.gov/nuccore/MF988734	0.00	2017.58	2017-08-XX
Cuba/2017/Hu0046Sa	MF159531	2017-04-19	North America	Cuba	unknown	Grubaugh Et Al	unknown	unknown	https://www.ncbi.nlm.nih.gov/nuccore/MF159531	0.00	2017.30	2017-04-19
Cuba/2017/FL057U	MH063265	2017-07-17	North America	Cuba	unknown	Grubaugh Et Al	unknown	unknown	https://www.ncbi.nlm.nih.gov/nuccore/MH063265	0.00	2017.54	2017-07-17
Cuba/2017/FL051Se	MH063262	2017-07-17	North America	Cuba	unknown	Grubaugh Et Al	unknown	unknown	https://www.ncbi.nlm.nih.gov/nuccore/MH063262	0.00	2017.54	2017-07-17
Cuba/2017/FL052U	MH063263	2017-08-06	North America	Cuba	unknown	Grubaugh Et Al	unknown	unknown	https://www.ncbi.nlm.nih.gov/nuccore/MH063263	0.00	2017.59	2017-08-05
Cuba/2017/FL046Se	MH063259	2017-07-27	North America	Cuba	unknown	Grubaugh Et Al	unknown	unknown	https://www.ncbi.nlm.nih.gov/nuccore/MH063259	0.00	2017.57	2017-07-26
MEX/2016/mex43	MF801419	2016-07-01	North America	Mexico	unknown	Theze Et Al	unknown	unknown	https://www.ncbi.nlm.nih.gov/nuccore/MF801419	0.00	2016.50	2016-07-01
HND/2016/HU_ME136	KY785461	2016-06-01	North America	Honduras	unknown	Metsky Et Al	unknown	unknown	https://www.ncbi.nlm.nih.gov/nuccore/KY785461	0.00	2016.42	2016-05-31
HND/2016/HU_ME50	KY014311	2016-05-13	North America	Honduras	unknown	Metsky Et Al	unknown	unknown	https://www.ncbi.nlm.nih.gov/nuccore/KY014311	0.00	2016.36	2016-05-12
NIC/5847_12B1/2016	MF434520	2016-02-07	North America	Nicaragua	unknown	Theze Et Al	unknown	unknown	https://www.ncbi.nlm.nih.gov/nuccore/MF434520	0.00	2016.10	2016-02-07
MEX/2016/mex16	MF801397	2016-05-21	North America	Mexico	unknown	Theze Et Al	unknown	unknown	https://www.ncbi.nlm.nih.gov/nuccore/MF801397	0.00	2016.39	2016-05-20
HND/2016/Honduras_4102	MF801383	2016-06-04	North America	Honduras	unknown	Theze Et Al	unknown	unknown	https://www.ncbi.nlm.nih.gov/nuccore/MF801383	0.00	2016.42	2016-06-03
UNK/2016/MA_WGS16_029	KY785454	2016-08-06	North America	El Salvador	unknown	Metsky Et Al	unknown	unknown	https://www.ncbi.nlm.nih.gov/nuccore/KY785454	0.00	2016.60	2016-08-05
HND/2016/HU_ME180	KY785431	2016-06-13	North America	Honduras	unknown	Metsky Et Al	unknown	unknown	https://www.ncbi.nlm.nih.gov/nuccore/KY785431	0.00	2016.45	2016-06-13
MEX/2016/mex32	MF801410	2016-07-05	North America	Mexico	unknown	Theze Et Al	unknown	unknown	https://www.ncbi.nlm.nih.gov/nuccore/MF801410	0.00	2016.51	2016-07-05
HND/2016/HU_ME152	KY014315	2016-06-07	North America	Honduras	unknown	Metsky Et Al	unknown	unknown	https://www.ncbi.nlm.nih.gov/nuccore/KY014315	0.00	2016.43	2016-06-06
HND/2016/HU_ME59	KY785418	2016-05-13	North America	Honduras	unknown	Metsky Et Al	unknown	unknown	https://www.ncbi.nlm.nih.gov/nuccore/KY785418	0.00	2016.37	2016-05-13
NIC/5005_13A1/2016	KY765327	2016-04-22	North America	Nicaragua	unknown	Shabman Et Al	unknown	unknown	https://www.ncbi.nlm.nih.gov/nuccore/KY765327	0.00	2016.31	2016-04-22
FHT1175/HON/2016	KY693677	2016-08-26	North America	Honduras	unknown	Leguia Et Al	unknown	unknown	https://www.ncbi.nlm.nih.gov/nuccore/KY693677	0.00	2016.65	2016-08-26
HND/2016/HU_ME178	KY014306	2016-06-11	North America	Honduras	unknown	Metsky Et Al	unknown	unknown	https://www.ncbi.nlm.nih.gov/nuccore/KY014306	0.00	2016.44	2016-06-10
HND/2016/HU_ME167	KY014327	2016-06-09	North America	Honduras	unknown	Metsky Et Al	unknown	unknown	https://www.ncbi.nlm.nih.gov/nuccore/KY014327	0.00	2016.44	2016-06-09
MEX/2016/mex29	MF801407	2016-07-05	North America	Mexico	unknown	Theze Et Al	unknown	unknown	https://www.ncbi.nlm.nih.gov/nuccore/MF801407	0.00	2016.51	2016-07-05
MEX/2016/mex37	MF801415	2016-07-05	North America	Mexico	unknown	Theze Et Al	unknown	unknown	https://www.ncbi.nlm.nih.gov/nuccore/MF801415	0.00	2016.51	2016-07-05
MEX/2016/mex34	MF801412	2016-07-08	North America	Mexico	unknown	Theze Et Al	unknown	unknown	https://www.ncbi.nlm.nih.gov/nuccore/MF801412	0.00	2016.52	2016-07-07
MEX/2016/Mexico_3502	MF801391	2016-07-07	North America	Mexico	unknown	Theze Et Al	unknown	unknown	https://www.ncbi.nlm.nih.gov/nuccore/MF801391	0.00	2016.51	2016-07-06
MEX/41_006_F_V0_O/2016	MH157209	2016-07-05	North America	Mexico	unknown	Tan Et Al	unknown	unknown	https://www.ncbi.nlm.nih.gov/nuccore/MH157209	0.00	2016.51	2016-07-05
MEX/2016/mex46	MF801422	2016-07-01	North America	Mexico	unknown	Theze Et Al	unknown	unknown	https://www.ncbi.nlm.nih.gov/nuccore/MF801422	0.00	2016.50	2016-07-01
Aedes_aegypti/MEX/MEX_I_44/2016	KY648934	2016-05-06	North America	Mexico	unknown	Shabman Et Al	unknown	unknown	https://www.ncbi.nlm.nih.gov/nuccore/KY648934	0.00	2016.35	2016-XX-XX
MEX_ENCB165	KY631493	2015-10-16	North America	Mexico	unknown	Sevilla-Reyes Et Al	unknown	unknown	https://www.ncbi.nlm.nih.gov/nuccore/KY631493	0.00	2015.79	2015-10-15
ENCB165P4	KY631494	2015-10-16	North America	Mexico	unknown	Sevilla-Reyes Et Al	unknown	unknown	https://www.ncbi.nlm.nih.gov/nuccore/KY631494	0.00	2015.79	2015-10-15
USA/UT_1/2016	KX827268	2016-01-01	North America	Mexico	unknown	Swaminathan Et Al	unknown	unknown	https://www.ncbi.nlm.nih.gov/nuccore/KX827268	0.00	2016.00	2016-01-01
R116265	KX766029	2016-06-23	North America	Mexico	unknown	Lanciotti Et Al	unknown	unknown	https://www.ncbi.nlm.nih.gov/nuccore/KX766029	0.00	2016.48	2016-06-23
MEX/R116265/2016	MG595216	2016-06-23	North America	Mexico	unknown	Shabman Et Al	unknown	unknown	https://www.ncbi.nlm.nih.gov/nuccore/MG595216	0.00	2016.48	2016-06-23
mex07/Mexico/2016	KY606272	2016-08-06	North America	Mexico	unknown	Chiu Et Al	unknown	unknown	https://www.ncbi.nlm.nih.gov/nuccore/KY606272	0.00	2016.60	2016-08-05
MEX/2016/mex35	MF801413	2016-07-08	North America	Mexico	unknown	Theze Et Al	unknown	unknown	https://www.ncbi.nlm.nih.gov/nuccore/MF801413	0.00	2016.52	2016-07-07
MEX/2016/mex38	MF801416	2016-07-01	North America	Mexico	unknown	Theze Et Al	unknown	unknown	https://www.ncbi.nlm.nih.gov/nuccore/MF801416	0.00	2016.50	2016-07-XX
MEX_CIENI551	KY120348	2016-03-04	North America	Mexico	unknown	Boukadida Et Al	unknown	unknown	https://www.ncbi.nlm.nih.gov/nuccore/KY120348	0.00	2016.17	2016-03-03
MEX/2016/mex04	MF801394	2016-05-03	North America	Mexico	unknown	Theze Et Al	unknown	unknown	https://www.ncbi.nlm.nih.gov/nuccore/MF801394	0.00	2016.34	2016-05-03
Aedessp/MEX/MEX_2_81/2016	KX446950	2016-01-01	North America	Mexico	unknown	Shabman Et Al	unknown	unknown	https://www.ncbi.nlm.nih.gov/nuccore/KX446950	0.00	2016.00	2016-01-01
MEX_I_7	KX247632	2015-11-30	North America	Mexico	unknown	Barrows Et Al	unknown	unknown	https://www.ncbi.nlm.nih.gov/nuccore/KX247632	0.00	2015.91	2015-11-XX
Aedessp/MEX/MEX_I_7/2016	KX446951	2016-01-01	North America	Mexico	unknown	Shabman Et Al	unknown	unknown	https://www.ncbi.nlm.nih.gov/nuccore/KX446951	0.00	2016.00	2016-01-01
MEX/2016/mex17	MF801398	2016-05-21	North America	Mexico	unknown	Theze Et Al	unknown	unknown	https://www.ncbi.nlm.nih.gov/nuccore/MF801398	0.00	2016.39	2016-05-20
MEX/42_018_F_V3_O/2016	MH157206	2016-09-24	North America	Mexico	unknown	Tan Et Al	unknown	unknown	https://www.ncbi.nlm.nih.gov/nuccore/MH157206	0.00	2016.73	2016-09-23
MEX/42_016_F_V0_O/2016	MH157212	2016-08-20	North America	Mexico	unknown	Tan Et Al	unknown	unknown	https://www.ncbi.nlm.nih.gov/nuccore/MH157212	0.00	2016.64	2016-08-19
MEX/2016/mex01	MF801393	2016-04-22	North America	Mexico	unknown	Theze Et Al	unknown	unknown	https://www.ncbi.nlm.nih.gov/nuccore/MF801393	0.00	2016.31	2016-04-22
Mexico_Rus_12TVR_2017	MF098771	2017-01-30	North America	Mexico	unknown	Karan Et Al	unknown	unknown	https://www.ncbi.nlm.nih.gov/nuccore/MF098771	0.00	2017.08	2017-01-30
MEX/2016/mex44	MF801420	2016-07-04	North America	Mexico	unknown	Theze Et Al	unknown	unknown	https://www.ncbi.nlm.nih.gov/nuccore/MF801420	0.00	2016.51	2016-07-04
MEX/2016/mex05	MF801395	2016-05-10	North America	Mexico	unknown	Theze Et Al	unknown	unknown	https://www.ncbi.nlm.nih.gov/nuccore/MF801395	0.00	2016.36	2016-05-09
Mexico_Rus_10GNN_2016	MF098770	2016-11-10	North America	Mexico	unknown	Karan Et Al	unknown	unknown	https://www.ncbi.nlm.nih.gov/nuccore/MF098770	0.00	2016.86	2016-11-09
MEX/41_022_F_V3_O/2016	MH157195	2016-08-25	North America	Mexico	unknown	Tan Et Al	unknown	unknown	https://www.ncbi.nlm.nih.gov/nuccore/MH157195	0.00	2016.65	2016-08-24
MEX/41_022_F_V0_O/2016	MH157208	2016-08-22	North America	Mexico	unknown	Tan Et Al	unknown	unknown	https://www.ncbi.nlm.nih.gov/nuccore/MH157208	0.00	2016.64	2016-08-22
MEX/41_022_F_V7_O/2016	MH157207	2016-08-29	North America	Mexico	unknown	Tan Et Al	unknown	unknown	https://www.ncbi.nlm.nih.gov/nuccore/MH157207	0.00	2016.66	2016-08-29
MEX/2016/mex36	MF801414	2016-07-05	North America	Mexico	unknown	Theze Et Al	unknown	unknown	https://www.ncbi.nlm.nih.gov/nuccore/MF801414	0.00	2016.51	2016-07-05
MEX/2016/mex40	MF801417	2016-07-01	North America	Mexico	unknown	Theze Et Al	unknown	unknown	https://www.ncbi.nlm.nih.gov/nuccore/MF801417	0.00	2016.50	2016-07-01
MEX/2016/mex23	MF801401	2016-05-24	North America	Mexico	unknown	Theze Et Al	unknown	unknown	https://www.ncbi.nlm.nih.gov/nuccore/MF801401	0.00	2016.39	2016-05-23
MEX/42_001_F_V3_O/2016	MH157203	2016-06-27	North America	Mexico	unknown	Tan Et Al	unknown	unknown	https://www.ncbi.nlm.nih.gov/nuccore/MH157203	0.00	2016.49	2016-06-27
MEX/42_001_F_V0_O/2016	MH157214	2016-06-24	North America	Mexico	unknown	Tan Et Al	unknown	unknown	https://www.ncbi.nlm.nih.gov/nuccore/MH157214	0.00	2016.48	2016-06-24
MEX/41_001_F_V7_O/2016	MH157201	2016-06-29	North America	Mexico	unknown	Tan Et Al	unknown	unknown	https://www.ncbi.nlm.nih.gov/nuccore/MH157201	0.00	2016.49	2016-06-28
MEX/41_001_F_V3_O/2016	MH157213	2016-06-23	North America	Mexico	unknown	Tan Et Al	unknown	unknown	https://www.ncbi.nlm.nih.gov/nuccore/MH157213	0.00	2016.48	2016-06-23
MEX/43_023_F_V3_O/2016	MH157204	2016-10-26	North America	Mexico	unknown	Tan Et Al	unknown	unknown	https://www.ncbi.nlm.nih.gov/nuccore/MH157204	0.00	2016.82	2016-10-25
MEX/43_023_F_V0_O/2016	MH157200	2016-10-22	North America	Mexico	unknown	Tan Et Al	unknown	unknown	https://www.ncbi.nlm.nih.gov/nuccore/MH157200	0.00	2016.81	2016-10-21
MEX/41_017_F_V7_O/2016	MH157205	2016-08-15	North America	Mexico	unknown	Tan Et Al	unknown	unknown	https://www.ncbi.nlm.nih.gov/nuccore/MH157205	0.00	2016.62	2016-08-15
MEX/41_017_F_V0_O/2016	MH157199	2016-08-09	North America	Mexico	unknown	Tan Et Al	unknown	unknown	https://www.ncbi.nlm.nih.gov/nuccore/MH157199	0.00	2016.61	2016-08-08
MEX/41_017_F_V3_O/2016	MH157202	2016-08-10	North America	Mexico	unknown	Tan Et Al	unknown	unknown	https://www.ncbi.nlm.nih.gov/nuccore/MH157202	0.00	2016.61	2016-08-10